key,nl,en,es,zh,status,source,notes
admin.courierAnalytics.duration.hoursMinutes,{hours}u {minutes}m,{hours}h {minutes}m,{hours}h {minutes}min,{hours}小时 {minutes}分,READY_FOR_SHEET,composables/courier-analytics-mappers.ts,IMPLEMENTED in runtime catalogs — copy to Sheet then npm run export:i18n. Localise formatHandlingDuration hour+minute units
admin.courierAnalytics.duration.minutesSeconds,{minutes}m {seconds}s,{minutes}m {seconds}s,{minutes}min {seconds}s,{minutes}分 {seconds}秒,READY_FOR_SHEET,composables/courier-analytics-mappers.ts,IMPLEMENTED in runtime catalogs — copy to Sheet then npm run export:i18n. Localise formatHandlingDuration minute+second units
admin.courierAnalytics.duration.secondsOnly,{seconds}s,{seconds}s,{seconds}s,{seconds}秒,READY_FOR_SHEET,composables/courier-analytics-mappers.ts,IMPLEMENTED in runtime catalogs — copy to Sheet then npm run export:i18n. Localise formatHandlingDuration seconds-only unit
admin.operationsFeed.lowStock,{vaccineName} heeft nog {quantityRemaining} dosissen (drempel: {stockThreshold}),{vaccineName} has {quantityRemaining} doses left (threshold: {stockThreshold}),{vaccineName} tiene {quantityRemaining} dosis restantes (umbral: {stockThreshold}),{vaccineName} 剩余 {quantityRemaining} 剂（阈值：{stockThreshold}）,READY_FOR_SHEET,utils/operations-feed-display.ts,IMPLEMENTED in runtime catalogs — copy to Sheet then npm run export:i18n. Phase 35D3 — structured LOW_STOCK feed detail
admin.operationsFeed.newOrder,Bestelling {orderId} ({quantity} dosissen),Order {orderId} ({quantity} doses),Pedido {orderId} ({quantity} dosis),订单 {orderId}（{quantity} 剂）,READY_FOR_SHEET,utils/operations-feed-display.ts,IMPLEMENTED in runtime catalogs — copy to Sheet then npm run export:i18n. Phase 35D3 — structured NEW_ORDER feed detail (no event.message)
admin.operationsFeed.orderStatusChanged,Bestelling {orderId}: {status},Order {orderId}: {status},Pedido {orderId}: {status},订单 {orderId}：{status},READY_FOR_SHEET,utils/operations-feed-display.ts,IMPLEMENTED in runtime catalogs — copy to Sheet then npm run export:i18n. Phase 35D3 — structured ORDER_STATUS_CHANGED feed detail
admin.operationsFeed.unknown,Operationele update,Operational update,Actualización operativa,运营更新,READY_FOR_SHEET,utils/operations-feed-display.ts,IMPLEMENTED in runtime catalogs — copy to Sheet then npm run export:i18n. Phase 35D3 — generic feed fallback
app.description,"Platform voor vaccinbestellingen, voorraad en bezorgroutes.","Platform for vaccine orders, stock and delivery routes.","Plataforma de pedidos de vacunas, stock y rutas de entrega.",疫苗订购、库存与配送路线平台。,READY_FOR_SHEET,i18n/index.ts syncDocumentLang,IMPLEMENTED in runtime catalogs — copy to Sheet then npm run export:i18n. Phase 35D3 — localised document meta description
app.shortName,Vaccin,Vaccin,Vaccin,Vaccin,READY_FOR_SHEET,vite.config.ts manifest,IMPLEMENTED in runtime catalogs — copy to Sheet then npm run export:i18n. Phase 35D3 — PWA short name (brand abbreviation)
arrival.arrived,Aangekomen,Arrived,Llegada registrada,已到达,READY_FOR_SHEET,phase28c-keys.ts,IMPLEMENTED in runtime catalogs — copy to Sheet then npm run export:i18n. Phase 28C key file; ensure Sheet + catalogs include it
arrival.arrivedAt,Aangekomen om {time},Arrived at {time},Llegada a las {time},到达时间 {time},READY_FOR_SHEET,views/bezorger/ViewBezorgerTodayRoute.vue,IMPLEMENTED in runtime catalogs — copy to Sheet then npm run export:i18n. Phase 28C — missing from catalogs; preserve {time}
arrival.cancelPending,Annuleer openstaande aankomst,Cancel pending arrival,Cancelar llegada pendiente,取消待同步到达,READY_FOR_SHEET,views/bezorger/ViewBezorgerTodayRoute.vue,IMPLEMENTED in runtime catalogs — copy to Sheet then npm run export:i18n. Phase 28C — missing from catalogs
arrival.cancelPendingConfirm,Bevestig annuleren openstaande aankomst,Confirm cancel pending arrival,Confirmar cancelación de llegada pendiente,确认取消待同步到达,READY_FOR_SHEET,views/bezorger/ViewBezorgerTodayRoute.vue,IMPLEMENTED in runtime catalogs — copy to Sheet then npm run export:i18n. Phase 28C — missing from catalogs
arrival.conflict,Aankomstconflict,Arrival conflict,Conflicto de llegada,到达冲突,READY_FOR_SHEET,views/bezorger/ViewBezorgerTodayRoute.vue,IMPLEMENTED in runtime catalogs — copy to Sheet then npm run export:i18n. Phase 28C — missing from catalogs
arrival.discardPending,Openstaande actie verwerpen,Discard pending action,Descartar acción pendiente,丢弃待处理操作,READY_FOR_SHEET,views/bezorger/ViewBezorgerTodayRoute.vue,IMPLEMENTED in runtime catalogs — copy to Sheet then npm run export:i18n. Phase 28C — missing from catalogs
arrival.markArrived,Markeer aangekomen,Mark arrived,Marcar llegada,标记已到达,READY_FOR_SHEET,views/bezorger/ViewBezorgerTodayRoute.vue,IMPLEMENTED in runtime catalogs — copy to Sheet then npm run export:i18n. Phase 28C — used in UI but absent from locale catalogs
arrival.pending,Aankomst in behandeling,Arrival pending,Llegada pendiente,到达待同步,READY_FOR_SHEET,views/bezorger/ViewBezorgerTodayRoute.vue,IMPLEMENTED in runtime catalogs — copy to Sheet then npm run export:i18n. Phase 28C — missing from catalogs
arrival.recorded,Aankomst geregistreerd,Arrival recorded,Llegada registrada,到达已记录,READY_FOR_SHEET,phase28c-keys.ts,IMPLEMENTED in runtime catalogs — copy to Sheet then npm run export:i18n. Phase 28C key file
arrival.retrySync,Synchronisatie opnieuw proberen,Retry synchronisation,Reintentar sincronización,重试同步,READY_FOR_SHEET,views/bezorger/ViewBezorgerTodayRoute.vue,IMPLEMENTED in runtime catalogs — copy to Sheet then npm run export:i18n. Phase 28C — missing from catalogs
arrival.routeChangedOffline,Route is gewijzigd terwijl je offline was,Route changed while offline,La ruta cambió mientras estabas sin conexión,离线期间路线已更改,READY_FOR_SHEET,phase28c-keys.ts,IMPLEMENTED in runtime catalogs — copy to Sheet then npm run export:i18n. Phase 28C key file
arrival.stopAlreadyDelivered,Stop is al afgeleverd,Stop already delivered,La parada ya fue entregada,该站点已送达,READY_FOR_SHEET,phase28c-keys.ts,IMPLEMENTED in runtime catalogs — copy to Sheet then npm run export:i18n. Phase 28C key file
arrival.synchronising,Aankomst wordt gesynchroniseerd…,Synchronising arrival…,Sincronizando llegada…,正在同步到达…,READY_FOR_SHEET,views/bezorger/ViewBezorgerTodayRoute.vue,IMPLEMENTED in runtime catalogs — copy to Sheet then npm run export:i18n. Phase 28C — missing from catalogs
arrival.unableToRecord,Aankomst kon niet worden geregistreerd,Unable to record arrival,No se pudo registrar la llegada,无法记录到达,READY_FOR_SHEET,views/bezorger/ViewBezorgerTodayRoute.vue,IMPLEMENTED in runtime catalogs — copy to Sheet then npm run export:i18n. Phase 28C — missing from catalogs
arrival.willSyncWhenOnline,Deze aankomst wordt gesynchroniseerd zodra je online bent,This arrival will sync when online,Esta llegada se sincronizará cuando haya conexión,恢复联网后将同步此次到达,READY_FOR_SHEET,views/bezorger/ViewBezorgerTodayRoute.vue,IMPLEMENTED in runtime catalogs — copy to Sheet then npm run export:i18n. Phase 28C — missing from catalogs
common.emDash,—,—,—,—,READY_FOR_SHEET,composables/courier-analytics-mappers.ts,IMPLEMENTED in runtime catalogs — copy to Sheet then npm run export:i18n. Shared empty/unknown numeric placeholder (typography)
deliveryManifest.download,Manifest downloaden,Download manifest,Descargar manifiesto,下载清单,READY_FOR_SHEET,phase29a-keys.ts,IMPLEMENTED in runtime catalogs — copy to Sheet then npm run export:i18n. Phase 29A — missing from catalogs
deliveryManifest.downloaded,Manifest gedownload,Manifest downloaded,Manifiesto descargado,清单已下载,READY_FOR_SHEET,composables/useDeliveryManifestDownload.ts,IMPLEMENTED in runtime catalogs — copy to Sheet then npm run export:i18n. Phase 29A — used in UI but absent from catalogs
deliveryManifest.downloadRoute,Download routemanifest,Download route manifest,Descargar manifiesto de ruta,下载路线清单,READY_FOR_SHEET,views/bezorger/ViewBezorgerTodayRoute.vue,IMPLEMENTED in runtime catalogs — copy to Sheet then npm run export:i18n. Phase 29A — used in UI but absent from catalogs
deliveryManifest.downloadRouteAria,Download bezorgroutemanifest als PDF,Download delivery route manifest as PDF,Descargar manifiesto de ruta de entrega en PDF,下载配送路线清单 PDF,READY_FOR_SHEET,views/bezorger/ViewBezorgerTodayRoute.vue,IMPLEMENTED in runtime catalogs — copy to Sheet then npm run export:i18n. Phase 29A — aria; used in UI but absent from catalogs
deliveryManifest.downloadStop,Download stopmanifest,Download stop manifest,Descargar manifiesto de parada,下载站点清单,READY_FOR_SHEET,components/feature/apotheker/FeatureApothekerPlannedDeliveries.vue,IMPLEMENTED in runtime catalogs — copy to Sheet then npm run export:i18n. Phase 29A — used in UI but absent from catalogs
deliveryManifest.downloadStopAria,Download bezorgstopmanifest als PDF,Download delivery stop manifest as PDF,Descargar manifiesto de parada de entrega en PDF,下载配送站点清单 PDF,READY_FOR_SHEET,components/feature/apotheker/FeatureApothekerPlannedDeliveries.vue,IMPLEMENTED in runtime catalogs — copy to Sheet then npm run export:i18n. Phase 29A — aria; used in UI but absent from catalogs
deliveryManifest.error.forbidden,Je hebt geen toegang tot dit manifest,You do not have access to this manifest,No tienes acceso a este manifiesto,你无权访问此清单,READY_FOR_SHEET,composables/useDeliveryManifestDownload.ts,IMPLEMENTED in runtime catalogs — copy to Sheet then npm run export:i18n. Phase 29A — used in UI but absent from catalogs
deliveryManifest.error.unable,Manifest kon niet worden gegenereerd,Unable to generate manifest,No se pudo generar el manifiesto,无法生成清单,READY_FOR_SHEET,composables/useDeliveryManifestDownload.ts,IMPLEMENTED in runtime catalogs — copy to Sheet then npm run export:i18n. Phase 29A — used in UI but absent from catalogs
deliveryManifest.error.unavailable,Manifest niet beschikbaar,Manifest unavailable,Manifiesto no disponible,清单不可用,READY_FOR_SHEET,composables/useDeliveryManifestDownload.ts,IMPLEMENTED in runtime catalogs — copy to Sheet then npm run export:i18n. Phase 29A — used in UI but absent from catalogs
deliveryManifest.generating,Manifest wordt gegenereerd,Generating manifest,Generando manifiesto,正在生成清单,READY_FOR_SHEET,views/bezorger/ViewBezorgerTodayRoute.vue,IMPLEMENTED in runtime catalogs — copy to Sheet then npm run export:i18n. Phase 29A — used in UI but absent from catalogs
deliveryManifest.routeTitle,Routemanifest,Route manifest,Manifiesto de ruta,路线清单,READY_FOR_SHEET,phase29a-keys.ts,IMPLEMENTED in runtime catalogs — copy to Sheet then npm run export:i18n. Phase 29A — missing from catalogs
deliveryManifest.stopTitle,Stopmanifest,Stop manifest,Manifiesto de parada,站点清单,READY_FOR_SHEET,phase29a-keys.ts,IMPLEMENTED in runtime catalogs — copy to Sheet then npm run export:i18n. Phase 29A — missing from catalogs
errors.deliveryArrival.alreadyRecorded,Aankomst is al geregistreerd voor deze stop.,Arrival was already recorded for this stop.,La llegada ya se registró para esta parada.,该站点已记录到达。,READY_FOR_SHEET,api/delivery-arrival-errors.ts,IMPLEMENTED in runtime catalogs — copy to Sheet then npm run export:i18n. Phase 28C — missing from catalogs
errors.deliveryArrival.conflict,Aankomst conflicteert met een recentere routewijziging.,Arrival conflicts with a newer route change.,La llegada entra en conflicto con un cambio de ruta más reciente.,到达与较新的路线变更冲突。,READY_FOR_SHEET,api/delivery-arrival-errors.ts,IMPLEMENTED in runtime catalogs — copy to Sheet then npm run export:i18n. Phase 28C — missing from catalogs
errors.deliveryArrival.failed,Aankomst registreren is mislukt. Probeer opnieuw.,Recording arrival failed. Try again.,No se pudo registrar la llegada. Inténtalo de nuevo.,记录到达失败，请重试。,READY_FOR_SHEET,api/delivery-arrival-errors.ts,IMPLEMENTED in runtime catalogs — copy to Sheet then npm run export:i18n. Phase 28C — missing from catalogs
errors.deliveryArrival.forbidden,Je mag aankomst voor deze route niet registreren.,You cannot record arrival for this route.,No puedes registrar la llegada de esta ruta.,你无权记录此路线的到达。,READY_FOR_SHEET,api/delivery-arrival-errors.ts,IMPLEMENTED in runtime catalogs — copy to Sheet then npm run export:i18n. Phase 28C — missing from catalogs
errors.deliveryArrival.generic,Aankomst kon niet worden geregistreerd.,Unable to record arrival.,No se pudo registrar la llegada.,无法记录到达。,READY_FOR_SHEET,api/delivery-arrival-errors.ts,IMPLEMENTED in runtime catalogs — copy to Sheet then npm run export:i18n. Phase 28C — used in UI but absent from catalogs
errors.deliveryArrival.network,Server niet bereikbaar om aankomst te registreren.,Could not reach the server to record arrival.,No se pudo contactar al servidor para registrar la llegada.,无法连接服务器以记录到达。,READY_FOR_SHEET,api/delivery-arrival-errors.ts,IMPLEMENTED in runtime catalogs — copy to Sheet then npm run export:i18n. Phase 28C — used in UI but absent from catalogs
errors.deliveryArrival.rateLimited,Te veel aankomstpogingen. Probeer later opnieuw.,Too many arrival attempts. Try again later.,Demasiados intentos de llegada. Inténtalo más tarde.,到达尝试次数过多，请稍后再试。,READY_FOR_SHEET,api/delivery-arrival-errors.ts,IMPLEMENTED in runtime catalogs — copy to Sheet then npm run export:i18n. Phase 28C — missing from catalogs
errors.deliveryArrival.routeInactive,Aankomst kan niet worden geregistreerd voor een inactieve route.,Arrival cannot be recorded for an inactive route.,No se puede registrar la llegada de una ruta inactiva.,无法为未激活路线记录到达。,READY_FOR_SHEET,api/delivery-arrival-errors.ts,IMPLEMENTED in runtime catalogs — copy to Sheet then npm run export:i18n. Phase 28C — missing from catalogs
errors.deliveryArrival.routeNotFound,Bezorgroute niet gevonden.,Delivery route not found.,Ruta de entrega no encontrada.,未找到配送路线。,READY_FOR_SHEET,api/delivery-arrival-errors.ts,IMPLEMENTED in runtime catalogs — copy to Sheet then npm run export:i18n. Phase 28C — missing from catalogs
errors.deliveryArrival.routeNotStarted,Start de route voordat je aankomst registreert.,Start the route before recording arrival.,Inicia la ruta antes de registrar la llegada.,请先开始路线再记录到达。,READY_FOR_SHEET,api/delivery-arrival-errors.ts,IMPLEMENTED in runtime catalogs — copy to Sheet then npm run export:i18n. Phase 28C — missing from catalogs
errors.deliveryArrival.stopAlreadyDelivered,Deze stop is al afgeleverd.,This stop is already delivered.,Esta parada ya fue entregada.,该站点已送达。,READY_FOR_SHEET,api/delivery-arrival-errors.ts,IMPLEMENTED in runtime catalogs — copy to Sheet then npm run export:i18n. Phase 28C — missing from catalogs
errors.deliveryArrival.stopNotFound,Bezorgstop niet gevonden.,Delivery stop not found.,Parada de entrega no encontrada.,未找到配送站点。,READY_FOR_SHEET,api/delivery-arrival-errors.ts,IMPLEMENTED in runtime catalogs — copy to Sheet then npm run export:i18n. Phase 28C — missing from catalogs
errors.deliveryArrival.timestampInvalid,De tijd op je apparaat lijkt onjuist. Controleer de klok en probeer opnieuw.,Your device time looks incorrect. Check the clock and try again.,La hora del dispositivo parece incorrecta. Revisa el reloj e inténtalo de nuevo.,设备时间似乎不正确。请检查时钟后重试。,READY_FOR_SHEET,api/delivery-arrival-errors.ts,IMPLEMENTED in runtime catalogs — copy to Sheet then npm run export:i18n. Phase 28C — missing from catalogs
errors.deliveryArrival.unauthorized,Meld je opnieuw aan om aankomst te registreren.,Sign in again to record arrival.,Vuelve a iniciar sesión para registrar la llegada.,请重新登录以记录到达。,READY_FOR_SHEET,api/delivery-arrival-errors.ts,IMPLEMENTED in runtime catalogs — copy to Sheet then npm run export:i18n. Phase 28C — missing from catalogs
notifications.fallback.body,Melding,Notification,Notificación,通知,READY_FOR_SHEET,utils/notification-display.ts,IMPLEMENTED in runtime catalogs — copy to Sheet then npm run export:i18n. Same fallback used for unresolved body text
notifications.fallback.title,Melding,Notification,Notificación,通知,READY_FOR_SHEET,utils/notification-display.ts,IMPLEMENTED in runtime catalogs — copy to Sheet then npm run export:i18n. Replace hard-coded English fallback when title/body resolution fails
routeVoiceReports.preview.fileSizeValue,{size} {unit},{size} {unit},{size} {unit},{size} {unit},READY_FOR_SHEET,composables/voice-report/voice-recorder-types.ts,IMPLEMENTED in runtime catalogs — copy to Sheet then npm run export:i18n. Compose localised file size with unit key
routeVoiceReports.preview.unit.bytes,B,B,B,B,READY_FOR_SHEET,composables/voice-report/voice-recorder-types.ts,IMPLEMENTED in runtime catalogs — copy to Sheet then npm run export:i18n. Byte unit label (keep symbol)
routeVoiceReports.preview.unit.kib,KiB,KiB,KiB,KiB,READY_FOR_SHEET,composables/voice-report/voice-recorder-types.ts,IMPLEMENTED in runtime catalogs — copy to Sheet then npm run export:i18n. Binary kibibyte unit (IEC symbol)
routeVoiceReports.preview.unit.mib,MiB,MiB,MiB,MiB,READY_FOR_SHEET,composables/voice-report/voice-recorder-types.ts,IMPLEMENTED in runtime catalogs — copy to Sheet then npm run export:i18n. Binary mebibyte unit (IEC symbol)
accessibility.notifications,Meldingen,Notifications,Notifications,Notifications,REVIEW,accessibility,"Untranslated or loanword clone (es=en, zh=en); human translation recommended"
admin.activate,Activeren,Activate,Activate,Activate,REVIEW,admin,"Untranslated or loanword clone (es=en, zh=en); human translation recommended"
admin.courierAnalytics.averageHandlingDuration,Gemiddelde afhandeltijd,Average handling duration,Average handling duration,Average handling duration,REVIEW,admin,"Untranslated or loanword clone (es=en, zh=en); human translation recommended"
admin.courierAnalytics.calculated,Berekend,Calculated,Calculated,Calculated,REVIEW,admin,"Untranslated or loanword clone (es=en, zh=en); human translation recommended"
admin.courierAnalytics.charts.components.caption,Elke balk is een componentscore van 0–100. Tooltips tonen gewogen bijdragen.,Each bar is a 0–100 component score. Tooltips show weighted contributions.,Each bar is a 0–100 component score. Tooltips show weighted contributions.,Each bar is a 0–100 component score. Tooltips show weighted contributions.,REVIEW,admin,"Untranslated or loanword clone (es=en, zh=en); human translation recommended"
admin.courierAnalytics.charts.components.subtitle,Welke scorecomponenten veroorzaken de rangverschillen?,Which score components cause the ranking differences?,Which score components cause the ranking differences?,Which score components cause the ranking differences?,REVIEW,admin,"Untranslated or loanword clone (es=en, zh=en); human translation recommended"
admin.courierAnalytics.charts.components.title,Vergelijking betrouwbaarheidscomponenten,Reliability component comparison,Reliability component comparison,Reliability component comparison,REVIEW,admin,"Untranslated or loanword clone (es=en, zh=en); human translation recommended"
admin.courierAnalytics.charts.empty.description,Er is onvoldoende historische activiteit om deze grafiek te tekenen.,There is not enough historical activity to draw this chart.,There is not enough historical activity to draw this chart.,There is not enough historical activity to draw this chart.,REVIEW,admin,"Untranslated or loanword clone (es=en, zh=en); human translation recommended"
admin.courierAnalytics.charts.empty.title,Geen grafiekgegevens,No chart data,No chart data,No chart data,REVIEW,admin,"Untranslated or loanword clone (es=en, zh=en); human translation recommended"
admin.courierAnalytics.charts.handling.emptyDescription,Bezorgers hebben geregistreerde aankomst- en leveringstijdstempels nodig voor deze grafiek.,Couriers need recorded arrival and delivery timestamps for this chart.,Couriers need recorded arrival and delivery timestamps for this chart.,Couriers need recorded arrival and delivery timestamps for this chart.,REVIEW,admin,"Untranslated or loanword clone (es=en, zh=en); human translation recommended"
admin.courierAnalytics.charts.handling.emptyTitle,Geen afhandeltijdsteekproeven,No handling duration samples,No handling duration samples,No handling duration samples,REVIEW,admin,"Untranslated or loanword clone (es=en, zh=en); human translation recommended"
admin.courierAnalytics.charts.handling.subtitle,Welke bezorgers besteden de minste of meeste tijd tussen geregistreerde aankomst en bevestigde levering?,Which couriers spend the least or most time between recorded arrival and confirmed delivery?,Which couriers spend the least or most time between recorded arrival and confirmed delivery?,Which couriers spend the least or most time between recorded arrival and confirmed delivery?,REVIEW,admin,"Untranslated or loanword clone (es=en, zh=en); human translation recommended"
admin.courierAnalytics.charts.handling.title,Afhandeltijd per stop,Stop handling time,Stop handling time,Stop handling time,REVIEW,admin,"Untranslated or loanword clone (es=en, zh=en); human translation recommended"
admin.courierAnalytics.charts.monthlyActivity.caption,Vaccinhoeveelheid is weggelaten om de activiteitsschaal niet te verstoren.,Vaccine quantity is omitted from the chart to avoid distorting the activity scale.,Vaccine quantity is omitted from the chart to avoid distorting the activity scale.,Vaccine quantity is omitted from the chart to avoid distorting the activity scale.,REVIEW,admin,"Untranslated or loanword clone (es=en, zh=en); human translation recommended"
admin.courierAnalytics.charts.monthlyActivity.subtitle,Hoe is de bezorgactiviteit veranderd over de levensduur van het systeem?,How has delivery activity changed over the lifetime of the system?,How has delivery activity changed over the lifetime of the system?,How has delivery activity changed over the lifetime of the system?,REVIEW,admin,"Untranslated or loanword clone (es=en, zh=en); human translation recommended"
admin.courierAnalytics.charts.monthlyActivity.title,Maandelijkse bezorgactiviteit,Monthly delivery activity,Monthly delivery activity,Monthly delivery activity,REVIEW,admin,"Untranslated or loanword clone (es=en, zh=en); human translation recommended"
admin.courierAnalytics.charts.proof.subtitle,Hoe leveringen zijn bevestigd.,How deliveries were confirmed.,How deliveries were confirmed.,How deliveries were confirmed.,REVIEW,admin,"Untranslated or loanword clone (es=en, zh=en); human translation recommended"
admin.courierAnalytics.charts.proof.title,Bewijsmethode,Proof method,Proof method,Proof method,REVIEW,admin,"Untranslated or loanword clone (es=en, zh=en); human translation recommended"
admin.courierAnalytics.charts.routeStatus.subtitle,Hoe verdelen routes zich over de operationele statussen?,Where do routes land in the operational status mix?,Where do routes land in the operational status mix?,Where do routes land in the operational status mix?,REVIEW,admin,"Untranslated or loanword clone (es=en, zh=en); human translation recommended"
admin.courierAnalytics.charts.routeStatus.title,Routestatus,Route status,Route status,Route status,REVIEW,admin,"Untranslated or loanword clone (es=en, zh=en); human translation recommended"
admin.courierAnalytics.charts.scoreComparison.caption,Scores zijn 0–100. Volgorde volgt de officiële rangschikking.,Scores are 0–100. Order matches the official ranking.,Scores are 0–100. Order matches the official ranking.,Scores are 0–100. Order matches the official ranking.,REVIEW,admin,"Untranslated or loanword clone (es=en, zh=en); human translation recommended"
admin.courierAnalytics.charts.scoreComparison.excludedNote,{count} bezorger(s) met onvoldoende gegevens zijn uitgesloten van deze grafiek.,{count} courier(s) with insufficient data are excluded from this chart.,{count} courier(s) with insufficient data are excluded from this chart.,{count} courier(s) with insufficient data are excluded from this chart.,REVIEW,admin,"Untranslated or loanword clone (es=en, zh=en); human translation recommended"
admin.courierAnalytics.charts.scoreComparison.subtitle,Welke bezorgers hebben de hoogste betrouwbaarheidsscore?,Which couriers have the highest overall reliability score?,Which couriers have the highest overall reliability score?,Which couriers have the highest overall reliability score?,REVIEW,admin,"Untranslated or loanword clone (es=en, zh=en); human translation recommended"
admin.courierAnalytics.charts.scoreComparison.title,Scorevergelijking bezorgers,Courier score comparison,Courier score comparison,Courier score comparison,REVIEW,admin,"Untranslated or loanword clone (es=en, zh=en); human translation recommended"
admin.courierAnalytics.charts.timeliness.subtitle,Op tijd versus te laat versus onbekende leveringsdata.,On-time vs late vs unknown delivery dates.,On-time vs late vs unknown delivery dates.,On-time vs late vs unknown delivery dates.,REVIEW,admin,"Untranslated or loanword clone (es=en, zh=en); human translation recommended"
admin.courierAnalytics.charts.timeliness.title,Tijdigheid van levering,Delivery timeliness,Delivery timeliness,Delivery timeliness,REVIEW,admin,"Untranslated or loanword clone (es=en, zh=en); human translation recommended"
admin.courierAnalytics.column.assignedRoutes,Toegewezen routes,Assigned routes,Assigned routes,Assigned routes,REVIEW,admin,"Untranslated or loanword clone (es=en, zh=en); human translation recommended"
admin.courierAnalytics.column.completedRoutes,Afgeronde routes,Completed routes,Completed routes,Completed routes,REVIEW,admin,"Untranslated or loanword clone (es=en, zh=en); human translation recommended"
admin.courierAnalytics.column.courier,Bezorger,Courier,Courier,Courier,REVIEW,admin,"Untranslated or loanword clone (es=en, zh=en); human translation recommended"
admin.courierAnalytics.column.dataCompleteness,Volledigheid gegevens,Data completeness,Data completeness,Data completeness,REVIEW,admin,"Untranslated or loanword clone (es=en, zh=en); human translation recommended"
admin.courierAnalytics.column.deliveredStops,Bezorgde stops,Delivered stops,Delivered stops,Delivered stops,REVIEW,admin,"Untranslated or loanword clone (es=en, zh=en); human translation recommended"
admin.courierAnalytics.column.onTimeRate,Op-tijd-percentage,On-time rate,On-time rate,On-time rate,REVIEW,admin,"Untranslated or loanword clone (es=en, zh=en); human translation recommended"
admin.courierAnalytics.column.overdueRoutes,Achterstallige routes,Overdue routes,Overdue routes,Overdue routes,REVIEW,admin,"Untranslated or loanword clone (es=en, zh=en); human translation recommended"
admin.courierAnalytics.column.qrProofRate,QR-bewijspercentage,QR proof rate,QR proof rate,QR proof rate,REVIEW,admin,"Untranslated or loanword clone (es=en, zh=en); human translation recommended"
admin.courierAnalytics.component.consistency,Operationele consistentie,Operational consistency,Operational consistency,Operational consistency,REVIEW,admin,"Untranslated or loanword clone (es=en, zh=en); human translation recommended"
admin.courierAnalytics.component.deliveryCompletion,Leveringsvoltooiing,Delivery completion,Delivery completion,Delivery completion,REVIEW,admin,"Untranslated or loanword clone (es=en, zh=en); human translation recommended"
admin.courierAnalytics.component.onTime,Levering op tijd,On-time delivery,On-time delivery,On-time delivery,REVIEW,admin,"Untranslated or loanword clone (es=en, zh=en); human translation recommended"
admin.courierAnalytics.component.qrConfirmation,QR-bevestiging,QR confirmation,QR confirmation,QR confirmation,REVIEW,admin,"Untranslated or loanword clone (es=en, zh=en); human translation recommended"
admin.courierAnalytics.component.routeCompletion,Routevoltooiing,Route completion,Route completion,Route completion,REVIEW,admin,"Untranslated or loanword clone (es=en, zh=en); human translation recommended"
admin.courierAnalytics.componentBreakdown,Componentuitsplitsing,Component breakdown,Component breakdown,Component breakdown,REVIEW,admin,"Untranslated or loanword clone (es=en, zh=en); human translation recommended"
admin.courierAnalytics.consistency.abandonedProcessing,Afgebroken verwerkingsbevestigingen,Abandoned processing confirmations,Abandoned processing confirmations,Abandoned processing confirmations,REVIEW,admin,"Untranslated or loanword clone (es=en, zh=en); human translation recommended"
admin.courierAnalytics.consistency.explanation,Consistentieproblemen verlagen de component operationele consistentie. Geannuleerde routes en niet-gerelateerde systeemfouten tellen niet mee.,Consistency issues reduce the operational consistency component. Cancelled routes and unrelated system failures are not counted.,Consistency issues reduce the operational consistency component. Cancelled routes and unrelated system failures are not counted.,Consistency issues reduce the operational consistency component. Cancelled routes and unrelated system failures are not counted.,REVIEW,admin,"Untranslated or loanword clone (es=en, zh=en); human translation recommended"
admin.courierAnalytics.consistency.invalidProofs,Ongeldige of onvolledige bewijzen,Invalid or incomplete proofs,Invalid or incomplete proofs,Invalid or incomplete proofs,REVIEW,admin,"Untranslated or loanword clone (es=en, zh=en); human translation recommended"
admin.courierAnalytics.consistency.overdueIncomplete,Achterstallige onvoltooide routes,Overdue incomplete routes,Overdue incomplete routes,Overdue incomplete routes,REVIEW,admin,"Untranslated or loanword clone (es=en, zh=en); human translation recommended"
admin.courierAnalytics.dataQuality.exclusionNote,Getroffen records kunnen uit specifieke berekeningen worden uitgesloten. Ruwe record-ID’s worden niet getoond.,Affected records may be excluded from specific calculations. Raw record IDs are not shown.,Affected records may be excluded from specific calculations. Raw record IDs are not shown.,Affected records may be excluded from specific calculations. Raw record IDs are not shown.,REVIEW,admin,"Untranslated or loanword clone (es=en, zh=en); human translation recommended"
admin.courierAnalytics.dataQuality.invalidHandling,Ongeldige afhandeltijden,Invalid handling durations,Invalid handling durations,Invalid handling durations,REVIEW,admin,"Untranslated or loanword clone (es=en, zh=en); human translation recommended"
admin.courierAnalytics.dataQuality.invalidSequences,Ongeldige stopvolgordes,Invalid stop sequences,Invalid stop sequences,Invalid stop sequences,REVIEW,admin,"Untranslated or loanword clone (es=en, zh=en); human translation recommended"
admin.courierAnalytics.dataQuality.legacyRoutes,Legacy-routes met ontbrekende velden,Legacy routes missing fields,Legacy routes missing fields,Legacy routes missing fields,REVIEW,admin,"Untranslated or loanword clone (es=en, zh=en); human translation recommended"
admin.courierAnalytics.dataQuality.malformedProofs,Misvormde bewijzen,Malformed proofs,Malformed proofs,Malformed proofs,REVIEW,admin,"Untranslated or loanword clone (es=en, zh=en); human translation recommended"
admin.courierAnalytics.dataQuality.missingOrders,Ontbrekende bestellingen,Missing orders,Missing orders,Missing orders,REVIEW,admin,"Untranslated or loanword clone (es=en, zh=en); human translation recommended"
admin.courierAnalytics.dataQuality.missingTimestamps,Bezorgde stops zonder tijdstempels,Delivered stops without timestamps,Delivered stops without timestamps,Delivered stops without timestamps,REVIEW,admin,"Untranslated or loanword clone (es=en, zh=en); human translation recommended"
admin.courierAnalytics.dataQuality.summary,Begrensde diagnostiek voor legacy of onvolledige historische records.,Bounded diagnostics for legacy or incomplete historical records.,Bounded diagnostics for legacy or incomplete historical records.,Bounded diagnostics for legacy or incomplete historical records.,REVIEW,admin,"Untranslated or loanword clone (es=en, zh=en); human translation recommended"
admin.courierAnalytics.dataQuality.title,Gegevenskwaliteit,Data quality,Data quality,Data quality,REVIEW,admin,"Untranslated or loanword clone (es=en, zh=en); human translation recommended"
admin.courierAnalytics.detail.lateStops,Te late stops,Late stops,Late stops,Late stops,REVIEW,admin,"Untranslated or loanword clone (es=en, zh=en); human translation recommended"
admin.courierAnalytics.detail.onTimeStops,Stops op tijd,On-time stops,On-time stops,On-time stops,REVIEW,admin,"Untranslated or loanword clone (es=en, zh=en); human translation recommended"
admin.courierAnalytics.detail.qrConfirmedStops,QR-bevestigde stops,QR-confirmed stops,QR-confirmed stops,QR-confirmed stops,REVIEW,admin,"Untranslated or loanword clone (es=en, zh=en); human translation recommended"
admin.courierAnalytics.detail.rawMetrics,Ruwe meetwaarden,Raw metrics,Raw metrics,Raw metrics,REVIEW,admin,"Untranslated or loanword clone (es=en, zh=en); human translation recommended"
admin.courierAnalytics.detail.routeMetrics,Routemeetwaarden,Route metrics,Route metrics,Route metrics,REVIEW,admin,"Untranslated or loanword clone (es=en, zh=en); human translation recommended"
admin.courierAnalytics.detail.stopMetrics,Stopmeetwaarden,Stop metrics,Stop metrics,Stop metrics,REVIEW,admin,"Untranslated or loanword clone (es=en, zh=en); human translation recommended"
admin.courierAnalytics.detailTable.caption,Volledige detailtabel bezorgeranalyse,Full courier analytics detail table,Full courier analytics detail table,Full courier analytics detail table,REVIEW,admin,"Untranslated or loanword clone (es=en, zh=en); human translation recommended"
admin.courierAnalytics.detailTable.subtitle,Exacte backendwaarden voor controleerbaarheid.,Exact backend values for auditability.,Exact backend values for auditability.,Exact backend values for auditability.,REVIEW,admin,"Untranslated or loanword clone (es=en, zh=en); human translation recommended"
admin.courierAnalytics.detailTable.title,Gedetailleerde waarden,Detailed values,Detailed values,Detailed values,REVIEW,admin,"Untranslated or loanword clone (es=en, zh=en); human translation recommended"
admin.courierAnalytics.duration.minutesSeconds,{minutes}m {seconds}s,{minutes}m {seconds}s,{minutes}min {seconds}s,{minutes}分 {seconds}秒,REVIEW,admin,Untranslated or loanword clone (nl=en); human translation recommended
admin.courierAnalytics.duration.secondsOnly,{seconds}s,{seconds}s,{seconds}s,{seconds}秒,REVIEW,admin,"Untranslated or loanword clone (nl=en, es=en); human translation recommended"
admin.courierAnalytics.eligibleData,Geschikte gegevens,Eligible data,Eligible data,Eligible data,REVIEW,admin,"Untranslated or loanword clone (es=en, zh=en); human translation recommended"
admin.courierAnalytics.error.loadFailed,Prestatieanalyse van bezorgers kon niet worden geladen.,Courier performance analytics could not be loaded.,Courier performance analytics could not be loaded.,Courier performance analytics could not be loaded.,REVIEW,admin,"Untranslated or loanword clone (es=en, zh=en); human translation recommended"
admin.courierAnalytics.error.title,Analyse laden mislukt,Unable to load analytics,Unable to load analytics,Unable to load analytics,REVIEW,admin,"Untranslated or loanword clone (es=en, zh=en); human translation recommended"
admin.courierAnalytics.export.error.failed,CSV-export mislukt.,CSV export failed.,CSV export failed.,CSV export failed.,REVIEW,admin,"Untranslated or loanword clone (es=en, zh=en); human translation recommended"
admin.courierAnalytics.export.error.forbidden,Je mag bezorgeranalyse niet exporteren.,You are not allowed to export courier analytics.,You are not allowed to export courier analytics.,You are not allowed to export courier analytics.,REVIEW,admin,"Untranslated or loanword clone (es=en, zh=en); human translation recommended"
admin.courierAnalytics.export.error.invalid,De server gaf een onverwacht bestandstype terug.,The server returned an unexpected file type.,The server returned an unexpected file type.,The server returned an unexpected file type.,REVIEW,admin,"Untranslated or loanword clone (es=en, zh=en); human translation recommended"
admin.courierAnalytics.export.error.network,Netwerkfout bij CSV-export.,Network error while exporting CSV.,Network error while exporting CSV.,Network error while exporting CSV.,REVIEW,admin,"Untranslated or loanword clone (es=en, zh=en); human translation recommended"
admin.courierAnalytics.export.success,CSV-export gedownload.,CSV export downloaded.,CSV export downloaded.,CSV export downloaded.,REVIEW,admin,"Untranslated or loanword clone (es=en, zh=en); human translation recommended"
admin.courierAnalytics.exportCsv,CSV exporteren,Export CSV,Export CSV,Export CSV,REVIEW,admin,"Untranslated or loanword clone (es=en, zh=en); human translation recommended"
admin.courierAnalytics.handling.contextNote,Alleen operationele context — gemiddelde tijd tussen geregistreerde aankomst en bevestigde levering. Ontbrekende aankomstgegevens worden uitgesloten. Een korte duur is niet automatisch beter en maakt geen deel uit van de betrouwbaarheidsscore.,Operational context only — average time between recorded arrival and confirmed delivery. Missing arrival data is excluded. Low duration is not automatically better and is not part of the reliability score.,Operational context only — average time between recorded arrival and confirmed delivery. Missing arrival data is excluded. Low duration is not automatically better and is not part of the reliability score.,Operational context only — average time between recorded arrival and confirmed delivery. Missing arrival data is excluded. Low duration is not automatically better and is not part of the reliability score.,REVIEW,admin,"Untranslated or loanword clone (es=en, zh=en); human translation recommended"
admin.courierAnalytics.handlingTime,Afhandeltijd,Handling time,Handling time,Handling time,REVIEW,admin,"Untranslated or loanword clone (es=en, zh=en); human translation recommended"
admin.courierAnalytics.insufficientData,Onvoldoende gegevens,Insufficient data,Insufficient data,Insufficient data,REVIEW,admin,"Untranslated or loanword clone (es=en, zh=en); human translation recommended"
admin.courierAnalytics.kpi.averageReliabilityScore,Gemiddelde betrouwbaarheidsscore,Average reliability score,Average reliability score,Average reliability score,REVIEW,admin,"Untranslated or loanword clone (es=en, zh=en); human translation recommended"
admin.courierAnalytics.kpi.completedRoutes,Afgeronde routes,Completed routes,Completed routes,Completed routes,REVIEW,admin,"Untranslated or loanword clone (es=en, zh=en); human translation recommended"
admin.courierAnalytics.kpi.deliveredStops,Bezorgde stops,Delivered stops,Delivered stops,Delivered stops,REVIEW,admin,"Untranslated or loanword clone (es=en, zh=en); human translation recommended"
admin.courierAnalytics.kpi.eligibleCouriers,Bezorgers met geschikte gegevens,Couriers with eligible data,Couriers with eligible data,Couriers with eligible data,REVIEW,admin,"Untranslated or loanword clone (es=en, zh=en); human translation recommended"
admin.courierAnalytics.kpi.eligibleSupport,{total} bezorgers in de rangschikking,{total} couriers in ranking population,{total} couriers in ranking population,{total} couriers in ranking population,REVIEW,admin,"Untranslated or loanword clone (es=en, zh=en); human translation recommended"
admin.courierAnalytics.kpi.overallOnTimeRate,Algemeen op-tijd-percentage,Overall on-time rate,Overall on-time rate,Overall on-time rate,REVIEW,admin,"Untranslated or loanword clone (es=en, zh=en); human translation recommended"
admin.courierAnalytics.kpi.overallQrRate,Algemeen QR-bevestigingspercentage,Overall QR confirmation rate,Overall QR confirmation rate,Overall QR confirmation rate,REVIEW,admin,"Untranslated or loanword clone (es=en, zh=en); human translation recommended"
admin.courierAnalytics.leaderboard.caption,Gerangschikte tabel met betrouwbaarheid van bezorgers,Ranked courier reliability table,Ranked courier reliability table,Ranked courier reliability table,REVIEW,admin,"Untranslated or loanword clone (es=en, zh=en); human translation recommended"
admin.courierAnalytics.leaderboard.subtitle,Officiële all-time rangschikking van de analyse-engine.,Official all-time ranking from the analytics engine.,Official all-time ranking from the analytics engine.,Official all-time ranking from the analytics engine.,REVIEW,admin,"Untranslated or loanword clone (es=en, zh=en); human translation recommended"
admin.courierAnalytics.leaderboard.title,Ranglijst bezorgers,Courier leaderboard,Courier leaderboard,Courier leaderboard,REVIEW,admin,"Untranslated or loanword clone (es=en, zh=en); human translation recommended"
admin.courierAnalytics.medianHandlingDuration,Mediane afhandeltijd,Median handling duration,Median handling duration,Median handling duration,REVIEW,admin,"Untranslated or loanword clone (es=en, zh=en); human translation recommended"
admin.courierAnalytics.noData.description,Rangschikkingen vereisen historisch toegewezen of afgerond bezorgwerk. Samenvattende diagnostiek kan nog verschijnen wanneer beschikbaar.,Rankings require historical assigned or completed courier work. Summary diagnostics may still appear when available.,Rankings require historical assigned or completed courier work. Summary diagnostics may still appear when available.,Rankings require historical assigned or completed courier work. Summary diagnostics may still appear when available.,REVIEW,admin,"Untranslated or loanword clone (es=en, zh=en); human translation recommended"
admin.courierAnalytics.noData.title,Geen analyse beschikbaar,No analytics available,No analytics available,No analytics available,REVIEW,admin,"Untranslated or loanword clone (es=en, zh=en); human translation recommended"
admin.courierAnalytics.proof.admin,Admin,Admin,Admin,Admin,REVIEW,admin,Untranslated or loanword clone (nl=en); human translation recommended
admin.courierAnalytics.proof.unknown,Onbekend,Unknown,Unknown,Unknown,REVIEW,admin,"Untranslated or loanword clone (es=en, zh=en); human translation recommended"
admin.courierAnalytics.refresh,Analyse vernieuwen,Refresh analytics,Refresh analytics,Refresh analytics,REVIEW,admin,"Untranslated or loanword clone (es=en, zh=en); human translation recommended"
admin.courierAnalytics.reliabilityScore,Betrouwbaarheidsscore,Reliability score,Reliability score,Reliability score,REVIEW,admin,"Untranslated or loanword clone (es=en, zh=en); human translation recommended"
admin.courierAnalytics.routeStatus.assigned,Toegewezen,Assigned,Assigned,Assigned,REVIEW,admin,"Untranslated or loanword clone (es=en, zh=en); human translation recommended"
admin.courierAnalytics.routeStatus.cancelled,Geannuleerd,Cancelled,Cancelled,Cancelled,REVIEW,admin,"Untranslated or loanword clone (es=en, zh=en); human translation recommended"
admin.courierAnalytics.routeStatus.completed,Afgerond,Completed,Completed,Completed,REVIEW,admin,"Untranslated or loanword clone (es=en, zh=en); human translation recommended"
admin.courierAnalytics.routeStatus.inProgress,Bezig,In progress,In progress,In progress,REVIEW,admin,"Untranslated or loanword clone (es=en, zh=en); human translation recommended"
admin.courierAnalytics.routeStatus.overdueIncomplete,Achterstallig onvoltooid,Overdue incomplete,Overdue incomplete,Overdue incomplete,REVIEW,admin,"Untranslated or loanword clone (es=en, zh=en); human translation recommended"
admin.courierAnalytics.sampleCount,Aantal steekproeven,Sample count,Sample count,Sample count,REVIEW,admin,"Untranslated or loanword clone (es=en, zh=en); human translation recommended"
admin.courierAnalytics.section.distributions,"Voltooiings-, tijdigheids- en bewijs­patronen","Completion, timeliness and proof patterns","Completion, timeliness and proof patterns","Completion, timeliness and proof patterns",REVIEW,admin,"Untranslated or loanword clone (es=en, zh=en); human translation recommended"
admin.courierAnalytics.section.summary,Algemene operationele prestaties,Overall operational performance,Overall operational performance,Overall operational performance,REVIEW,admin,"Untranslated or loanword clone (es=en, zh=en); human translation recommended"
admin.courierAnalytics.series.completedRoutes,Afgeronde routes,Completed routes,Completed routes,Completed routes,REVIEW,admin,"Untranslated or loanword clone (es=en, zh=en); human translation recommended"
admin.courierAnalytics.series.deliveredOrders,Bezorgde bestellingen,Delivered orders,Delivered orders,Delivered orders,REVIEW,admin,"Untranslated or loanword clone (es=en, zh=en); human translation recommended"
admin.courierAnalytics.series.deliveredStops,Bezorgde stops,Delivered stops,Delivered stops,Delivered stops,REVIEW,admin,"Untranslated or loanword clone (es=en, zh=en); human translation recommended"
admin.courierAnalytics.subtitle,Analyse over de hele periode van historisch toegewezen en afgerond bezorgwerk.,All-time analytics across historical assigned and completed delivery work.,All-time analytics across historical assigned and completed delivery work.,All-time analytics across historical assigned and completed delivery work.,REVIEW,admin,"Untranslated or loanword clone (es=en, zh=en); human translation recommended"
admin.courierAnalytics.timeliness.onTime,Op tijd,On time,On time,On time,REVIEW,admin,"Untranslated or loanword clone (es=en, zh=en); human translation recommended"
admin.courierAnalytics.timeliness.unknown,Onbekend,Unknown,Unknown,Unknown,REVIEW,admin,"Untranslated or loanword clone (es=en, zh=en); human translation recommended"
admin.courierAnalytics.title,Prestaties bezorgers,Courier performance,Courier performance,Courier performance,REVIEW,admin,"Untranslated or loanword clone (es=en, zh=en); human translation recommended"
admin.courierAnalytics.weightedContribution,Gewogen bijdrage,Weighted contribution,Weighted contribution,Weighted contribution,REVIEW,admin,"Untranslated or loanword clone (es=en, zh=en); human translation recommended"
admin.dashboard.activeOrders,Actieve bestellingen,Active orders,Active orders,Active orders,REVIEW,admin,"Untranslated or loanword clone (es=en, zh=en); human translation recommended"
admin.dashboard.apiStatus,API status,API status,API status,API status,REVIEW,admin,"Untranslated or loanword clone (nl=en, es=en, zh=en); human translation recommended"
admin.dashboard.cancelled,Geannuleerd,Cancelled,Cancelled,Cancelled,REVIEW,admin,"Untranslated or loanword clone (es=en, zh=en); human translation recommended"
admin.dashboard.dailyOverview,Vandaag — leveroverzicht,Today — delivery overview,Today — delivery overview,Today — delivery overview,REVIEW,admin,"Untranslated or loanword clone (es=en, zh=en); human translation recommended"
admin.dashboard.goToOrders,Naar bestellingen,Go to orders,Go to orders,Go to orders,REVIEW,admin,"Untranslated or loanword clone (es=en, zh=en); human translation recommended"
admin.dashboard.operationsFeed,Operaties feed,Operations feed,Operations feed,Operations feed,REVIEW,admin,"Untranslated or loanword clone (es=en, zh=en); human translation recommended"
admin.dashboard.operationsFeed.empty.description,Nieuwe bestellingen en statuswijzigingen verschijnen hier.,New orders and status changes appear here.,New orders and status changes appear here.,New orders and status changes appear here.,REVIEW,admin,"Untranslated or loanword clone (es=en, zh=en); human translation recommended"
admin.dashboard.operationsFeed.empty.title,Nog geen live events,No live events yet,No live events yet,No live events yet,REVIEW,admin,"Untranslated or loanword clone (es=en, zh=en); human translation recommended"
admin.dashboard.orders,Bestellingen,Orders,Orders,Orders,REVIEW,admin,"Untranslated or loanword clone (es=en, zh=en); human translation recommended"
admin.dashboard.perVaccine,Per vaccin,Per vaccine,Per vaccine,Per vaccine,REVIEW,admin,"Untranslated or loanword clone (es=en, zh=en); human translation recommended"
admin.dashboard.roleProof.accessible,Admingebied toegankelijk voor {name},Admin area accessible for {name},Admin area accessible for {name},Admin area accessible for {name},REVIEW,admin,"Untranslated or loanword clone (es=en, zh=en); human translation recommended"
admin.dashboard.roleProof.empty.description,De admin proof query gaf geen resultaat terug.,The admin proof query returned no result.,The admin proof query returned no result.,The admin proof query returned no result.,REVIEW,admin,"Untranslated or loanword clone (es=en, zh=en); human translation recommended"
admin.dashboard.roleProof.empty.title,Geen proof,No proof,No proof,No proof,REVIEW,admin,"Untranslated or loanword clone (es=en, zh=en); human translation recommended"
admin.dashboard.roleProof.failed,Autorisatieproof mislukt,Authorization proof failed,Authorization proof failed,Authorization proof failed,REVIEW,admin,"Untranslated or loanword clone (es=en, zh=en); human translation recommended"
admin.dashboard.roleProof.fetchFailed,Kon autorisatieproof niet ophalen.,Could not fetch authorization proof.,Could not fetch authorization proof.,Could not fetch authorization proof.,REVIEW,admin,"Untranslated or loanword clone (es=en, zh=en); human translation recommended"
admin.dashboard.roleProof.title,Rol-proof,Role proof,Role proof,Role proof,REVIEW,admin,"Untranslated or loanword clone (es=en, zh=en); human translation recommended"
admin.dashboard.status,Status,Status,Status,Status,REVIEW,admin,"Untranslated or loanword clone (nl=en, es=en, zh=en); human translation recommended"
admin.dashboard.title,Admin dashboard,Admin dashboard,Panel de administración,管理仪表板,REVIEW,admin,Untranslated or loanword clone (nl=en); human translation recommended
admin.dashboard.weeklyOrdersSummary,{count} bestellingen ({doses} dosissen),{count} orders ({doses} doses),{count} orders ({doses} doses),{count} orders ({doses} doses),REVIEW,admin,"Untranslated or loanword clone (es=en, zh=en); human translation recommended"
admin.dashboard.weekTitle,Week {week} / {year},Week {week} / {year},Week {week} / {year},Week {week} / {year},REVIEW,admin,"Untranslated or loanword clone (nl=en, es=en, zh=en); human translation recommended"
admin.deactivate,Deactiveren,Deactivate,Deactivate,Deactivate,REVIEW,admin,"Untranslated or loanword clone (es=en, zh=en); human translation recommended"
admin.notifications.empty.description,Er zijn momenteel geen operationele meldingen.,There are currently no operational notifications.,There are currently no operational notifications.,There are currently no operational notifications.,REVIEW,admin,"Untranslated or loanword clone (es=en, zh=en); human translation recommended"
admin.orders.cancel.confirm,Bevestig annulering,Confirm cancellation,Confirm cancellation,Confirm cancellation,REVIEW,admin,"Untranslated or loanword clone (es=en, zh=en); human translation recommended"
admin.orders.cancel.description,Bevestig dat je deze bestelling wilt annuleren. Er wordt geen voorraad gewijzigd.,Confirm that you want to cancel this order. Stock will not be changed.,Confirm that you want to cancel this order. Stock will not be changed.,Confirm that you want to cancel this order. Stock will not be changed.,REVIEW,admin,"Untranslated or loanword clone (es=en, zh=en); human translation recommended"
admin.orders.cancel.title,Bestelling annuleren,Cancel order,Cancel order,Cancel order,REVIEW,admin,"Untranslated or loanword clone (es=en, zh=en); human translation recommended"
admin.orders.daily.activeDoses,Actieve dosissen,Active doses,Active doses,Active doses,REVIEW,admin,"Untranslated or loanword clone (es=en, zh=en); human translation recommended"
admin.orders.daily.activeOrders,Actieve bestellingen,Active orders,Active orders,Active orders,REVIEW,admin,"Untranslated or loanword clone (es=en, zh=en); human translation recommended"
admin.orders.daily.cancelled,Geannuleerd,Cancelled,Cancelled,Cancelled,REVIEW,admin,"Untranslated or loanword clone (es=en, zh=en); human translation recommended"
admin.orders.daily.cancelledDetail,{orders} bestellingen / {doses} dosissen,{orders} orders / {doses} doses,{orders} orders / {doses} doses,{orders} orders / {doses} doses,REVIEW,admin,"Untranslated or loanword clone (es=en, zh=en); human translation recommended"
admin.orders.daily.perStatus,Per status,By status,By status,By status,REVIEW,admin,"Untranslated or loanword clone (es=en, zh=en); human translation recommended"
admin.orders.daily.title,Dagoverzicht — {date},Daily overview — {date},Daily overview — {date},Daily overview — {date},REVIEW,admin,"Untranslated or loanword clone (es=en, zh=en); human translation recommended"
admin.orders.deliver.confirm,Bevestig levering,Confirm delivery,Confirm delivery,Confirm delivery,REVIEW,admin,"Untranslated or loanword clone (es=en, zh=en); human translation recommended"
admin.orders.deliver.description,Bevestig dat deze bestelling geleverd is. De voorraad wordt nu afgetrokken.,Confirm that this order has been delivered. Stock will be deducted now.,Confirm that this order has been delivered. Stock will be deducted now.,Confirm that this order has been delivered. Stock will be deducted now.,REVIEW,admin,"Untranslated or loanword clone (es=en, zh=en); human translation recommended"
admin.orders.deliver.title,Bestelling leveren,Deliver order,Deliver order,Deliver order,REVIEW,admin,"Untranslated or loanword clone (es=en, zh=en); human translation recommended"
admin.orders.empty.description,Er zijn geen bestellingen gevonden voor deze filter.,No orders were found for this filter.,No orders were found for this filter.,No orders were found for this filter.,REVIEW,admin,"Untranslated or loanword clone (es=en, zh=en); human translation recommended"
admin.orders.empty.title,Geen bestellingen,No orders,No orders,No orders,REVIEW,admin,"Untranslated or loanword clone (es=en, zh=en); human translation recommended"
admin.orders.line,{name} — {count} dosissen,{name} — {count} doses,{name} — {count} doses,{name} — {count} doses,REVIEW,admin,"Untranslated or loanword clone (es=en, zh=en); human translation recommended"
admin.orders.line.stock,(voorraad: {stock}),(stock: {stock}),(stock: {stock}),(stock: {stock}),REVIEW,admin,"Untranslated or loanword clone (es=en, zh=en); human translation recommended"
admin.orders.liveOperations,Live operaties,Live operations,Live operations,Live operations,REVIEW,admin,"Untranslated or loanword clone (es=en, zh=en); human translation recommended"
admin.orders.loadFailed,Bestellingen laden mislukt,Failed to load orders,Failed to load orders,Failed to load orders,REVIEW,admin,"Untranslated or loanword clone (es=en, zh=en); human translation recommended"
admin.orders.markDelivered,Markeer geleverd,Mark delivered,Mark delivered,Mark delivered,REVIEW,admin,"Untranslated or loanword clone (es=en, zh=en); human translation recommended"
admin.orders.markPlanned,Markeer gepland,Mark planned,Mark planned,Mark planned,REVIEW,admin,"Untranslated or loanword clone (es=en, zh=en); human translation recommended"
admin.orders.orderId,Bestelling {id},Order {id},Order {id},Order {id},REVIEW,admin,"Untranslated or loanword clone (es=en, zh=en); human translation recommended"
admin.orders.pharmacist,Apotheker,Pharmacist,Pharmacist,Pharmacist,REVIEW,admin,"Untranslated or loanword clone (es=en, zh=en); human translation recommended"
admin.orders.statusHistory,Statusgeschiedenis,Status history,Status history,Status history,REVIEW,admin,"Untranslated or loanword clone (es=en, zh=en); human translation recommended"
admin.orders.statusHistory.entry,{before} → {after} op {date},{before} → {after} on {date},{before} → {after} on {date},{before} → {after} on {date},REVIEW,admin,"Untranslated or loanword clone (es=en, zh=en); human translation recommended"
admin.orders.stockInsufficient,Onvoldoende voorraad,Insufficient stock,Insufficient stock,Insufficient stock,REVIEW,admin,"Untranslated or loanword clone (es=en, zh=en); human translation recommended"
admin.orders.stockOk,Voorraad OK,Stock OK,Stock OK,Stock OK,REVIEW,admin,"Untranslated or loanword clone (es=en, zh=en); human translation recommended"
admin.orders.submittedAt,Ingediend,Submitted,Submitted,Submitted,REVIEW,admin,"Untranslated or loanword clone (es=en, zh=en); human translation recommended"
admin.orders.title,Bestellingenbeheer,Order management,Order management,Order management,REVIEW,admin,"Untranslated or loanword clone (es=en, zh=en); human translation recommended"
admin.orders.totalDoses,{count} dosis | {count} dosissen,{count} dose | {count} doses,{count} dose | {count} doses,{count} dose | {count} doses,REVIEW,admin,"Untranslated or loanword clone (es=en, zh=en); human translation recommended"
admin.stock.adjust,Aanpassen,Adjust,Adjust,Adjust,REVIEW,admin,"Untranslated or loanword clone (es=en, zh=en); human translation recommended"
admin.stock.adjustment.correction,Correctie,Correction,Correction,Correction,REVIEW,admin,"Untranslated or loanword clone (es=en, zh=en); human translation recommended"
admin.stock.adjustment.decrease,Verlagen,Decrease,Decrease,Decrease,REVIEW,admin,"Untranslated or loanword clone (es=en, zh=en); human translation recommended"
admin.stock.adjustment.restock,Aanvullen,Restock,Restock,Restock,REVIEW,admin,"Untranslated or loanword clone (es=en, zh=en); human translation recommended"
admin.stock.adjustmentType,Type aanpassing,Adjustment type,Adjustment type,Adjustment type,REVIEW,admin,"Untranslated or loanword clone (es=en, zh=en); human translation recommended"
admin.stock.adjustTitle,Voorraad aanpassen,Adjust stock,Adjust stock,Adjust stock,REVIEW,admin,"Untranslated or loanword clone (es=en, zh=en); human translation recommended"
admin.stock.adjustTitleNamed,Voorraad aanpassen — {name},Adjust stock — {name},Adjust stock — {name},Adjust stock — {name},REVIEW,admin,"Untranslated or loanword clone (es=en, zh=en); human translation recommended"
admin.stock.backToStock,Terug naar voorraad,Back to stock,Back to stock,Back to stock,REVIEW,admin,"Untranslated or loanword clone (es=en, zh=en); human translation recommended"
admin.stock.current,Huidige voorraad,Current stock,Current stock,Current stock,REVIEW,admin,"Untranslated or loanword clone (es=en, zh=en); human translation recommended"
admin.stock.empty.description,Er zijn geen vaccins om voorraad voor te beheren.,There are no vaccines to manage stock for.,There are no vaccines to manage stock for.,There are no vaccines to manage stock for.,REVIEW,admin,"Untranslated or loanword clone (es=en, zh=en); human translation recommended"
admin.stock.empty.title,Geen vaccins,No vaccines,No vaccines,No vaccines,REVIEW,admin,"Untranslated or loanword clone (es=en, zh=en); human translation recommended"
admin.stock.history,Historiek,History,History,History,REVIEW,admin,"Untranslated or loanword clone (es=en, zh=en); human translation recommended"
admin.stock.history.beforeAfter,Voor / na,Before / after,Before / after,Before / after,REVIEW,admin,"Untranslated or loanword clone (es=en, zh=en); human translation recommended"
admin.stock.history.beforeAfterValue,{before} → {after},{before} → {after},{before} → {after},{before} → {after},REVIEW,admin,"Untranslated or loanword clone (nl=en, es=en, zh=en); human translation recommended"
admin.stock.history.empty.description,Er zijn nog geen voorraadaanpassingen geregistreerd voor dit vaccin.,No stock adjustments have been recorded for this vaccine yet.,No stock adjustments have been recorded for this vaccine yet.,No stock adjustments have been recorded for this vaccine yet.,REVIEW,admin,"Untranslated or loanword clone (es=en, zh=en); human translation recommended"
admin.stock.history.empty.title,Geen aanpassingen,No adjustments,No adjustments,No adjustments,REVIEW,admin,"Untranslated or loanword clone (es=en, zh=en); human translation recommended"
admin.stock.history.loadFailed,Historiek laden mislukt,Failed to load history,Failed to load history,Failed to load history,REVIEW,admin,"Untranslated or loanword clone (es=en, zh=en); human translation recommended"
admin.stock.history.performedBy,Uitgevoerd door,Performed by,Performed by,Performed by,REVIEW,admin,"Untranslated or loanword clone (es=en, zh=en); human translation recommended"
admin.stock.history.reason,Reden,Reason,Reason,Reason,REVIEW,admin,"Untranslated or loanword clone (es=en, zh=en); human translation recommended"
admin.stock.history.relatedOrder,Gerelateerde bestelling,Related order,Related order,Related order,REVIEW,admin,"Untranslated or loanword clone (es=en, zh=en); human translation recommended"
admin.stock.history.title,Voorraadhistoriek,Stock history,Stock history,Stock history,REVIEW,admin,"Untranslated or loanword clone (es=en, zh=en); human translation recommended"
admin.stock.loadFailed,Voorraad laden mislukt,Failed to load stock,Failed to load stock,Failed to load stock,REVIEW,admin,"Untranslated or loanword clone (es=en, zh=en); human translation recommended"
admin.stock.lowStock,Lage voorraad,Low stock,Low stock,Low stock,REVIEW,admin,"Untranslated or loanword clone (es=en, zh=en); human translation recommended"
admin.stock.quantity,Aantal (dosissen),Quantity (doses),Quantity (doses),Quantity (doses),REVIEW,admin,"Untranslated or loanword clone (es=en, zh=en); human translation recommended"
admin.stock.quantityTarget,Nieuwe voorraad (dosissen),New stock (doses),New stock (doses),New stock (doses),REVIEW,admin,"Untranslated or loanword clone (es=en, zh=en); human translation recommended"
admin.stock.reason,Reden,Reason,Reason,Reason,REVIEW,admin,"Untranslated or loanword clone (es=en, zh=en); human translation recommended"
admin.stock.title,Voorraadbeheer,Stock management,Stock management,Stock management,REVIEW,admin,"Untranslated or loanword clone (es=en, zh=en); human translation recommended"
admin.stock.warningThreshold,Waarschuwing drempel,Warning threshold,Warning threshold,Warning threshold,REVIEW,admin,"Untranslated or loanword clone (es=en, zh=en); human translation recommended"
apotheker.dashboard.roleProof.empty.description,De apotheker proof query gaf geen resultaat terug.,The pharmacist proof query returned no result.,The pharmacist proof query returned no result.,The pharmacist proof query returned no result.,REVIEW,apotheker,"Untranslated or loanword clone (es=en, zh=en); human translation recommended"
apotheker.dashboard.title,Apotheker dashboard,Pharmacist dashboard,Pharmacist dashboard,Pharmacist dashboard,REVIEW,apotheker,"Untranslated or loanword clone (es=en, zh=en); human translation recommended"
apotheker.notifications.empty.description,Je hebt nog geen meldingen ontvangen.,You have not received any notifications yet.,You have not received any notifications yet.,You have not received any notifications yet.,REVIEW,apotheker,"Untranslated or loanword clone (es=en, zh=en); human translation recommended"
apotheker.orders.create.addLine,Regel toevoegen,Add line,Add line,Add line,REVIEW,apotheker,"Untranslated or loanword clone (es=en, zh=en); human translation recommended"
apotheker.orders.create.addLines,Bestelregels toevoegen,Add order lines,Add order lines,Add order lines,REVIEW,apotheker,"Untranslated or loanword clone (es=en, zh=en); human translation recommended"
apotheker.orders.create.closingTime,Sluitingstijd,Closing time,Closing time,Closing time,REVIEW,apotheker,"Untranslated or loanword clone (es=en, zh=en); human translation recommended"
apotheker.orders.create.current,Huidige bestelling,Current order,Current order,Current order,REVIEW,apotheker,"Untranslated or loanword clone (es=en, zh=en); human translation recommended"
apotheker.orders.create.dailyMaximum,Dagmaximum,Daily maximum,Daily maximum,Daily maximum,REVIEW,apotheker,"Untranslated or loanword clone (es=en, zh=en); human translation recommended"
apotheker.orders.create.deliveryRules.description,Bestellingen vóór {time} worden vandaag geleverd. Bestellingen vanaf {time} worden morgen geleverd.,Orders before {time} are delivered today. Orders from {time} are delivered tomorrow.,Orders before {time} are delivered today. Orders from {time} are delivered tomorrow.,Orders before {time} are delivered today. Orders from {time} are delivered tomorrow.,REVIEW,apotheker,"Untranslated or loanword clone (es=en, zh=en); human translation recommended"
apotheker.orders.create.deliveryRules.title,Leveringsregels,Delivery rules,Delivery rules,Delivery rules,REVIEW,apotheker,"Untranslated or loanword clone (es=en, zh=en); human translation recommended"
apotheker.orders.create.linesEmpty,Nog geen regels toegevoegd.,No lines added yet.,No lines added yet.,No lines added yet.,REVIEW,apotheker,"Untranslated or loanword clone (es=en, zh=en); human translation recommended"
apotheker.orders.create.linesRequired,Voeg minstens één bestelregel toe.,Add at least one order line.,Add at least one order line.,Add at least one order line.,REVIEW,apotheker,"Untranslated or loanword clone (es=en, zh=en); human translation recommended"
apotheker.orders.create.noRemainingToday,Geen resterende hoeveelheid vandaag,No remaining quantity today,No remaining quantity today,No remaining quantity today,REVIEW,apotheker,"Untranslated or loanword clone (es=en, zh=en); human translation recommended"
apotheker.orders.create.orderedThisWeek,Besteld deze week,Ordered this week,Ordered this week,Ordered this week,REVIEW,apotheker,"Untranslated or loanword clone (es=en, zh=en); human translation recommended"
apotheker.orders.create.place,Bestelling plaatsen,Place order,Place order,Place order,REVIEW,apotheker,"Untranslated or loanword clone (es=en, zh=en); human translation recommended"
apotheker.orders.create.remaining,Resterend,Remaining,Remaining,Remaining,REVIEW,apotheker,"Untranslated or loanword clone (es=en, zh=en); human translation recommended"
apotheker.orders.create.remainingToday,Resterend vandaag: {remaining},Remaining today: {remaining},Remaining today: {remaining},Remaining today: {remaining},REVIEW,apotheker,"Untranslated or loanword clone (es=en, zh=en); human translation recommended"
apotheker.orders.create.requestedQuantity,Gevraagde hoeveelheid,Requested quantity,Requested quantity,Requested quantity,REVIEW,apotheker,"Untranslated or loanword clone (es=en, zh=en); human translation recommended"
apotheker.orders.create.reviewQuantities,"Daglimiet gewijzigd, controleer de hoeveelheid","Daily allowance changed, please review the quantity","Daily allowance changed, please review the quantity","Daily allowance changed, please review the quantity",REVIEW,apotheker,"Untranslated or loanword clone (es=en, zh=en); human translation recommended"
apotheker.orders.create.week,Week,Week,Week,Week,REVIEW,apotheker,Untranslated or loanword clone (nl=en); human translation recommended
apotheker.orders.create.weekWarning.description,Je hebt {percentage}% van het weekmaximum ({limit}) bereikt.,You have reached {percentage}% of the weekly maximum ({limit}).,You have reached {percentage}% of the weekly maximum ({limit}).,You have reached {percentage}% of the weekly maximum ({limit}).,REVIEW,apotheker,"Untranslated or loanword clone (es=en, zh=en); human translation recommended"
apotheker.orders.create.weekWarning.title,Weekwaarschuwing,Week warning,Week warning,Week warning,REVIEW,apotheker,"Untranslated or loanword clone (es=en, zh=en); human translation recommended"
apotheker.orders.empty.description,Je hebt nog geen bestellingen geplaatst.,You have not placed any orders yet.,You have not placed any orders yet.,You have not placed any orders yet.,REVIEW,apotheker,"Untranslated or loanword clone (es=en, zh=en); human translation recommended"
apotheker.vaccines.description,Overzicht van beschikbare vaccins voor bestellingen.,Overview of available vaccines for orders.,Overview of available vaccines for orders.,Overview of available vaccines for orders.,REVIEW,apotheker,"Untranslated or loanword clone (es=en, zh=en); human translation recommended"
apotheker.vaccines.empty.description,Er zijn momenteel geen vaccins beschikbaar in de catalogus.,There are currently no vaccines available in the catalogue.,There are currently no vaccines available in the catalogue.,There are currently no vaccines available in the catalogue.,REVIEW,apotheker,"Untranslated or loanword clone (es=en, zh=en); human translation recommended"
apotheker.vaccines.empty.title,Geen actieve vaccins,No active vaccines,No active vaccines,No active vaccines,REVIEW,apotheker,"Untranslated or loanword clone (es=en, zh=en); human translation recommended"
app.title,Vaccinatie-levering,Vaccinatie-levering,Vaccinatie-levering,Vaccinatie-levering,REVIEW,app,"Untranslated or loanword clone (es=en, zh=en); human translation recommended"
auth.completeProfile.apotheker.intro,Vul je apotheekgegevens aan. Je rol is vastgelegd als APOTHEKER.,Complete your pharmacy details. Your role is fixed as pharmacist.,Complete your pharmacy details. Your role is fixed as pharmacist.,Complete your pharmacy details. Your role is fixed as pharmacist.,REVIEW,auth,"Untranslated or loanword clone (es=en, zh=en); human translation recommended"
auth.completeProfile.apotheker.submit,Apotheekprofiel opslaan,Save pharmacy profile,Save pharmacy profile,Save pharmacy profile,REVIEW,auth,"Untranslated or loanword clone (es=en, zh=en); human translation recommended"
auth.completeProfile.bezorger.intro,Vul je bezorgergegevens aan om routes te kunnen ontvangen. Je rol is vastgelegd als BEZORGER.,Complete your courier details to receive routes. Your role is fixed as courier.,Complete your courier details to receive routes. Your role is fixed as courier.,Complete your courier details to receive routes. Your role is fixed as courier.,REVIEW,auth,"Untranslated or loanword clone (es=en, zh=en); human translation recommended"
auth.completeProfile.bezorger.submit,Bezorgerprofiel opslaan,Save courier profile,Save courier profile,Save courier profile,REVIEW,auth,"Untranslated or loanword clone (es=en, zh=en); human translation recommended"
auth.completeProfile.notRequired,Geen rolspecifiek profiel vereist voor dit account.,No role-specific profile is required for this account.,No role-specific profile is required for this account.,No role-specific profile is required for this account.,REVIEW,auth,"Untranslated or loanword clone (es=en, zh=en); human translation recommended"
auth.completeProfile.roleMismatch.useApotheker,Je rol is geen BEZORGER. Vul het apotheekprofiel in in plaats van het bezorgerprofiel.,Your role is not courier. Complete the pharmacy profile instead of the courier profile.,Your role is not courier. Complete the pharmacy profile instead of the courier profile.,Your role is not courier. Complete the pharmacy profile instead of the courier profile.,REVIEW,auth,"Untranslated or loanword clone (es=en, zh=en); human translation recommended"
auth.completeProfile.roleMismatch.useBezorger,Je rol is geen APOTHEKER. Vul het bezorgerprofiel in in plaats van het apotheekprofiel.,Your role is not pharmacist. Complete the courier profile instead of the pharmacy profile.,Your role is not pharmacist. Complete the courier profile instead of the pharmacy profile.,Your role is not pharmacist. Complete the courier profile instead of the pharmacy profile.,REVIEW,auth,"Untranslated or loanword clone (es=en, zh=en); human translation recommended"
auth.completeProfile.title,Profiel aanvullen,Complete profile,Complete profile,Complete profile,REVIEW,auth,"Untranslated or loanword clone (es=en, zh=en); human translation recommended"
auth.completeProfile.unregistered.intro,"Je Firebase-account bestaat, maar er is nog geen applicatieprofiel. Kies opnieuw je accounttype. Dit kan daarna niet meer worden gewijzigd.","Your Firebase account exists, but there is no application profile yet. Choose your account type again. This cannot be changed afterwards.","Your Firebase account exists, but there is no application profile yet. Choose your account type again. This cannot be changed afterwards.","Your Firebase account exists, but there is no application profile yet. Choose your account type again. This cannot be changed afterwards.",REVIEW,auth,"Untranslated or loanword clone (es=en, zh=en); human translation recommended"
auth.completeProfile.unregistered.submit,Applicatieprofiel aanmaken,Create application profile,Create application profile,Create application profile,REVIEW,auth,"Untranslated or loanword clone (es=en, zh=en); human translation recommended"
auth.completeProfile.wrongRole.apotheker,Dit account is geen apotheker. Herlaad de pagina om het juiste formulier te zien.,This account is not a pharmacist. Reload the page to see the correct form.,This account is not a pharmacist. Reload the page to see the correct form.,This account is not a pharmacist. Reload the page to see the correct form.,REVIEW,auth,"Untranslated or loanword clone (es=en, zh=en); human translation recommended"
auth.completeProfile.wrongRole.bezorger,Dit account is geen bezorger. Herlaad de pagina om het juiste formulier te zien.,This account is not a courier. Reload the page to see the correct form.,This account is not a courier. Reload the page to see the correct form.,This account is not a courier. Reload the page to see the correct form.,REVIEW,auth,"Untranslated or loanword clone (es=en, zh=en); human translation recommended"
auth.error.emailInUse,Dit e-mailadres is al in gebruik.,This email address is already in use.,This email address is already in use.,This email address is already in use.,REVIEW,auth,"Untranslated or loanword clone (es=en, zh=en); human translation recommended"
auth.error.invalidCredential,Onjuiste inloggegevens. Controleer e-mail en wachtwoord.,Incorrect credentials. Check email and password.,Incorrect credentials. Check email and password.,Incorrect credentials. Check email and password.,REVIEW,auth,"Untranslated or loanword clone (es=en, zh=en); human translation recommended"
auth.error.network,Netwerkfout. Controleer je internetverbinding.,Network error. Check your internet connection.,Network error. Check your internet connection.,Network error. Check your internet connection.,REVIEW,auth,"Untranslated or loanword clone (es=en, zh=en); human translation recommended"
auth.error.registerBypass,Registreren is niet beschikbaar in de Playwright auth-bypass modus.,Registration is not available in Playwright auth-bypass mode.,Registration is not available in Playwright auth-bypass mode.,Registration is not available in Playwright auth-bypass mode.,REVIEW,auth,"Untranslated or loanword clone (es=en, zh=en); human translation recommended"
auth.error.resetBypass,Wachtwoord reset is niet beschikbaar in de Playwright auth-bypass modus.,Password reset is not available in Playwright auth-bypass mode.,Password reset is not available in Playwright auth-bypass mode.,Password reset is not available in Playwright auth-bypass mode.,REVIEW,auth,"Untranslated or loanword clone (es=en, zh=en); human translation recommended"
auth.error.tooManyRequests,Te veel pogingen. Probeer het later opnieuw.,Too many attempts. Try again later.,Too many attempts. Try again later.,Too many attempts. Try again later.,REVIEW,auth,"Untranslated or loanword clone (es=en, zh=en); human translation recommended"
auth.error.userDisabled,Dit account is uitgeschakeld.,This account has been disabled.,This account has been disabled.,This account has been disabled.,REVIEW,auth,"Untranslated or loanword clone (es=en, zh=en); human translation recommended"
auth.error.userNotFound,Geen account gevonden voor dit e-mailadres.,No account found for this email address.,No account found for this email address.,No account found for this email address.,REVIEW,auth,"Untranslated or loanword clone (es=en, zh=en); human translation recommended"
auth.error.weakPassword,Kies een wachtwoord van minstens 8 tekens.,Choose a password of at least 8 characters.,Choose a password of at least 8 characters.,Choose a password of at least 8 characters.,REVIEW,auth,"Untranslated or loanword clone (es=en, zh=en); human translation recommended"
auth.forgotPassword.failed,Het versturen van de resetlink is mislukt.,Sending the reset link failed.,Sending the reset link failed.,Sending the reset link failed.,REVIEW,auth,"Untranslated or loanword clone (es=en, zh=en); human translation recommended"
auth.forgotPassword.intro,Vul je e-mailadres in. Firebase stuurt een resetlink als het account bestaat.,Enter your email address. Firebase will send a reset link if the account exists.,Enter your email address. Firebase will send a reset link if the account exists.,Enter your email address. Firebase will send a reset link if the account exists.,REVIEW,auth,"Untranslated or loanword clone (es=en, zh=en); human translation recommended"
auth.forgotPassword.submit,Resetlink versturen,Send reset link,Send reset link,Send reset link,REVIEW,auth,"Untranslated or loanword clone (es=en, zh=en); human translation recommended"
auth.forgotPassword.success,"Als dit e-mailadres bij ons bekend is, ontvang je binnenkort een resetlink.","If this email address is known to us, you will receive a reset link shortly.","If this email address is known to us, you will receive a reset link shortly.","If this email address is known to us, you will receive a reset link shortly.",REVIEW,auth,"Untranslated or loanword clone (es=en, zh=en); human translation recommended"
auth.forgotPassword.title,Wachtwoord vergeten,Forgot password,Forgot password,Forgot password,REVIEW,auth,"Untranslated or loanword clone (es=en, zh=en); human translation recommended"
auth.login.failed,Inloggen is mislukt.,Sign-in failed.,Sign-in failed.,Sign-in failed.,REVIEW,auth,"Untranslated or loanword clone (es=en, zh=en); human translation recommended"
auth.login.offline,Aanmelden is niet beschikbaar zonder internetverbinding.,Sign-in is not available without an internet connection.,Sign-in is not available without an internet connection.,Sign-in is not available without an internet connection.,REVIEW,auth,"Untranslated or loanword clone (es=en, zh=en); human translation recommended"
auth.register.accountType,Accounttype,Account type,Account type,Account type,REVIEW,auth,"Untranslated or loanword clone (es=en, zh=en); human translation recommended"
auth.register.failed,Registratie is mislukt.,Registration failed.,Registration failed.,Registration failed.,REVIEW,auth,"Untranslated or loanword clone (es=en, zh=en); human translation recommended"
auth.register.hasAccount,Al een account?,Already have an account?,Already have an account?,Already have an account?,REVIEW,auth,"Untranslated or loanword clone (es=en, zh=en); human translation recommended"
auth.register.intro,Maakt een Firebase-account en een applicatieprofiel aan. Kies expliciet of je als apotheker of bezorger registreert.,Creates a Firebase account and an application profile. Explicitly choose whether you register as a pharmacist or courier.,Creates a Firebase account and an application profile. Explicitly choose whether you register as a pharmacist or courier.,Creates a Firebase account and an application profile. Explicitly choose whether you register as a pharmacist or courier.,REVIEW,auth,"Untranslated or loanword clone (es=en, zh=en); human translation recommended"
auth.register.profileWarning,"Je Firebase-account is aangemaakt, maar het applicatieprofiel kon niet worden opgeslagen. Log in en kies opnieuw je accounttype via “Profiel aanvullen”.","Your Firebase account was created, but the application profile could not be saved. Sign in and choose your account type again via “Complete profile”.","Your Firebase account was created, but the application profile could not be saved. Sign in and choose your account type again via “Complete profile”.","Your Firebase account was created, but the application profile could not be saved. Sign in and choose your account type again via “Complete profile”.",REVIEW,auth,"Untranslated or loanword clone (es=en, zh=en); human translation recommended"
auth.register.role.apotheker.description,Ik plaats vaccinbestellingen voor een apotheek.,I place vaccine orders for a pharmacy.,I place vaccine orders for a pharmacy.,I place vaccine orders for a pharmacy.,REVIEW,auth,"Untranslated or loanword clone (es=en, zh=en); human translation recommended"
auth.register.role.bezorger.description,Ik lever geplande vaccinbestellingen.,I deliver scheduled vaccine orders.,I deliver scheduled vaccine orders.,I deliver scheduled vaccine orders.,REVIEW,auth,"Untranslated or loanword clone (es=en, zh=en); human translation recommended"
auth.register.submit,Account aanmaken,Create account,Create account,Create account,REVIEW,auth,"Untranslated or loanword clone (es=en, zh=en); human translation recommended"
auth.register.title,Registreren,Register,Register,Register,REVIEW,auth,"Untranslated or loanword clone (es=en, zh=en); human translation recommended"
auth.session.expired,Uw sessie is verlopen. Log opnieuw in.,Your session has expired. Please sign in again.,Your session has expired. Please sign in again.,Your session has expired. Please sign in again.,REVIEW,auth,"Untranslated or loanword clone (es=en, zh=en); human translation recommended"
bezorger.dashboard.goToProfile,Naar profiel,Go to profile,Go to profile,Go to profile,REVIEW,bezorger,"Untranslated or loanword clone (es=en, zh=en); human translation recommended"
bezorger.dashboard.roleProof.empty.description,De bezorger proof query gaf geen resultaat terug.,The courier proof query returned no result.,The courier proof query returned no result.,The courier proof query returned no result.,REVIEW,bezorger,"Untranslated or loanword clone (es=en, zh=en); human translation recommended"
bezorger.dashboard.roleProof.empty.title,Geen proof,No proof,No proof,No proof,REVIEW,bezorger,"Untranslated or loanword clone (es=en, zh=en); human translation recommended"
bezorger.dashboard.roleProof.failed,Autorisatieproof mislukt,Authorization proof failed,Authorization proof failed,Authorization proof failed,REVIEW,bezorger,"Untranslated or loanword clone (es=en, zh=en); human translation recommended"
bezorger.dashboard.roleProof.fetchFailed,Kon autorisatieproof niet ophalen.,Could not fetch authorization proof.,Could not fetch authorization proof.,Could not fetch authorization proof.,REVIEW,bezorger,"Untranslated or loanword clone (es=en, zh=en); human translation recommended"
bezorger.dashboard.roleProof.title,Rol-proof (Phase 5),Role proof (Phase 5),Role proof (Phase 5),Role proof (Phase 5),REVIEW,bezorger,"Untranslated or loanword clone (es=en, zh=en); human translation recommended"
bezorger.dashboard.title,Bezorger dashboard,Courier dashboard,Courier dashboard,Courier dashboard,REVIEW,bezorger,"Untranslated or loanword clone (es=en, zh=en); human translation recommended"
bezorger.notifications.empty.description,Je hebt nog geen meldingen ontvangen.,You have not received any notifications yet.,You have not received any notifications yet.,You have not received any notifications yet.,REVIEW,bezorger,"Untranslated or loanword clone (es=en, zh=en); human translation recommended"
bezorger.route.cancelReason,Reden: {reason},Reason: {reason},Reason: {reason},Reason: {reason},REVIEW,bezorger,"Untranslated or loanword clone (es=en, zh=en); human translation recommended"
bezorger.route.complete,Route voltooien,Complete route,Complete route,Complete route,REVIEW,bezorger,"Untranslated or loanword clone (es=en, zh=en); human translation recommended"
bezorger.route.complete.confirm,Bevestig voltooien,Confirm complete,Confirm complete,Confirm complete,REVIEW,bezorger,"Untranslated or loanword clone (es=en, zh=en); human translation recommended"
bezorger.route.complete.description,Bevestig dat je alle stops van deze route hebt afgerond. Bestellingen worden hierdoor niet automatisch geleverd.,Confirm that you have finished all stops on this route. Orders are not automatically marked as delivered.,Confirm that you have finished all stops on this route. Orders are not automatically marked as delivered.,Confirm that you have finished all stops on this route. Orders are not automatically marked as delivered.,REVIEW,bezorger,"Untranslated or loanword clone (es=en, zh=en); human translation recommended"
bezorger.route.complete.title,Route voltooien?,Complete route?,Complete route?,Complete route?,REVIEW,bezorger,"Untranslated or loanword clone (es=en, zh=en); human translation recommended"
bezorger.route.date,Datum {date},Date {date},Date {date},Date {date},REVIEW,bezorger,"Untranslated or loanword clone (es=en, zh=en); human translation recommended"
bezorger.route.qr.camera.explanation,Richt de camera op de bezorg-QR van de apotheek. Cameratoegang wordt pas gevraagd wanneer je de scanner opent.,Point the camera at the pharmacy stop QR. Camera access is only requested when you open the scanner.,Point the camera at the pharmacy stop QR. Camera access is only requested when you open the scanner.,Point the camera at the pharmacy stop QR. Camera access is only requested when you open the scanner.,REVIEW,bezorger,"Untranslated or loanword clone (es=en, zh=en); human translation recommended"
bezorger.route.qr.camera.insecureContext,Camerascan vereist een beveiligde verbinding (HTTPS of localhost).,Camera scanning requires a secure connection (HTTPS or localhost).,Camera scanning requires a secure connection (HTTPS or localhost).,Camera scanning requires a secure connection (HTTPS or localhost).,REVIEW,bezorger,"Untranslated or loanword clone (es=en, zh=en); human translation recommended"
bezorger.route.qr.camera.inUse,De camera is al in gebruik of kon niet worden gestart.,The camera is already in use or could not be started.,The camera is already in use or could not be started.,The camera is already in use or could not be started.,REVIEW,bezorger,"Untranslated or loanword clone (es=en, zh=en); human translation recommended"
bezorger.route.qr.camera.noCamera,Er is geen camera gevonden op dit apparaat.,No camera was found on this device.,No camera was found on this device.,No camera was found on this device.,REVIEW,bezorger,"Untranslated or loanword clone (es=en, zh=en); human translation recommended"
bezorger.route.qr.camera.permissionDenied,Cameratoegang is geweigerd. Sta camera toe en probeer opnieuw.,Camera permission was denied. Allow camera access and try again.,Camera permission was denied. Allow camera access and try again.,Camera permission was denied. Allow camera access and try again.,REVIEW,bezorger,"Untranslated or loanword clone (es=en, zh=en); human translation recommended"
bezorger.route.qr.camera.previewDescription,Live cameravoorbeeld voor het scannen van de bezorg-QR-code,Live camera preview for scanning the delivery QR code,Live camera preview for scanning the delivery QR code,Live camera preview for scanning the delivery QR code,REVIEW,bezorger,"Untranslated or loanword clone (es=en, zh=en); human translation recommended"
bezorger.route.qr.camera.startFailed,De camera kon niet worden gestart. Probeer opnieuw.,Could not start the camera. Try again.,Could not start the camera. Try again.,Could not start the camera. Try again.,REVIEW,bezorger,"Untranslated or loanword clone (es=en, zh=en); human translation recommended"
bezorger.route.qr.camera.unsupported,Deze browser ondersteunt geen camera-QR-scanning.,This browser does not support camera QR scanning.,This browser does not support camera QR scanning.,This browser does not support camera QR scanning.,REVIEW,bezorger,"Untranslated or loanword clone (es=en, zh=en); human translation recommended"
bezorger.route.qr.confirm.checkAgain,Opnieuw controleren,Check again,Check again,Check again,REVIEW,bezorger,"Untranslated or loanword clone (es=en, zh=en); human translation recommended"
bezorger.route.qr.confirm.confirmAction,Bevestig aflevering,Confirm delivery,Confirm delivery,Confirm delivery,REVIEW,bezorger,"Untranslated or loanword clone (es=en, zh=en); human translation recommended"
bezorger.route.qr.confirm.description,Bevestig dat alle vermelde bestellingen bij deze apotheek zijn afgeleverd.,Confirm that all listed orders were delivered to this pharmacy.,Confirm that all listed orders were delivered to this pharmacy.,Confirm that all listed orders were delivered to this pharmacy.,REVIEW,bezorger,"Untranslated or loanword clone (es=en, zh=en); human translation recommended"
bezorger.route.qr.confirm.inProgress,Bevestiging wordt al verwerkt,Confirmation is already being processed,Confirmation is already being processed,Confirmation is already being processed,REVIEW,bezorger,"Untranslated or loanword clone (es=en, zh=en); human translation recommended"
bezorger.route.qr.confirm.inProgressHint,Wacht even en controleer opnieuw. Start geen parallelle bevestiging.,"Wait a moment, then check again. Do not start another confirmation in parallel.","Wait a moment, then check again. Do not start another confirmation in parallel.","Wait a moment, then check again. Do not start another confirmation in parallel.",REVIEW,bezorger,"Untranslated or loanword clone (es=en, zh=en); human translation recommended"
bezorger.route.qr.confirm.markDelivered,Markeer als afgeleverd,Mark as delivered,Mark as delivered,Mark as delivered,REVIEW,bezorger,"Untranslated or loanword clone (es=en, zh=en); human translation recommended"
bezorger.route.qr.confirm.submitting,Bevestigen…,Confirming…,Confirming…,Confirming…,REVIEW,bezorger,"Untranslated or loanword clone (es=en, zh=en); human translation recommended"
bezorger.route.qr.confirm.title,Aflevering bevestigen?,Confirm delivery?,Confirm delivery?,Confirm delivery?,REVIEW,bezorger,"Untranslated or loanword clone (es=en, zh=en); human translation recommended"
bezorger.route.qr.manual.label,Plak het gedecodeerde QR-token,Paste the decoded QR token,Paste the decoded QR token,Paste the decoded QR token,REVIEW,bezorger,"Untranslated or loanword clone (es=en, zh=en); human translation recommended"
bezorger.route.qr.manual.placeholder,QR-token,QR token,QR token,QR token,REVIEW,bezorger,"Untranslated or loanword clone (es=en, zh=en); human translation recommended"
bezorger.route.qr.manual.submit,Bezorging opzoeken,Look up delivery,Look up delivery,Look up delivery,REVIEW,bezorger,"Untranslated or loanword clone (es=en, zh=en); human translation recommended"
bezorger.route.qr.manual.toggle,QR-code handmatig invoeren,Enter QR code manually,Enter QR code manually,Enter QR code manually,REVIEW,bezorger,"Untranslated or loanword clone (es=en, zh=en); human translation recommended"
bezorger.route.qr.offline,Scannen vereist een internetverbinding. Maak opnieuw verbinding om een bezorg-QR te scannen.,Scanning requires an internet connection. Reconnect to scan a delivery QR.,Scanning requires an internet connection. Reconnect to scan a delivery QR.,Scanning requires an internet connection. Reconnect to scan a delivery QR.,REVIEW,bezorger,"Untranslated or loanword clone (es=en, zh=en); human translation recommended"
bezorger.route.qr.preview.destination,Bestemming,Destination,Destination,Destination,REVIEW,bezorger,"Untranslated or loanword clone (es=en, zh=en); human translation recommended"
bezorger.route.qr.preview.orderRef,Bestelling {reference},Order {reference},Order {reference},Order {reference},REVIEW,bezorger,"Untranslated or loanword clone (es=en, zh=en); human translation recommended"
bezorger.route.qr.preview.orders,Bestellingen,Orders,Orders,Orders,REVIEW,bezorger,"Untranslated or loanword clone (es=en, zh=en); human translation recommended"
bezorger.route.qr.preview.quantity,Aantal,Quantity,Quantity,Quantity,REVIEW,bezorger,"Untranslated or loanword clone (es=en, zh=en); human translation recommended"
bezorger.route.qr.preview.route,Route,Route,Route,Route,REVIEW,bezorger,Untranslated or loanword clone (nl=en); human translation recommended
bezorger.route.qr.preview.scanNotDelivered,Scannen alleen heeft het pakket niet afgeleverd. Controleer de gegevens en markeer daarna als afgeleverd.,"Scanning alone has not delivered the package. Review the details, then mark as delivered.","Scanning alone has not delivered the package. Review the details, then mark as delivered.","Scanning alone has not delivered the package. Review the details, then mark as delivered.",REVIEW,bezorger,"Untranslated or loanword clone (es=en, zh=en); human translation recommended"
bezorger.route.qr.preview.summary,Samenvatting,Summary,Summary,Summary,REVIEW,bezorger,"Untranslated or loanword clone (es=en, zh=en); human translation recommended"
bezorger.route.qr.preview.title,Bezorgvoorbeeld,Delivery preview,Delivery preview,Delivery preview,REVIEW,bezorger,"Untranslated or loanword clone (es=en, zh=en); human translation recommended"
bezorger.route.qr.preview.totalLines,Aantal regels: {count},Line count: {count},Line count: {count},Line count: {count},REVIEW,bezorger,"Untranslated or loanword clone (es=en, zh=en); human translation recommended"
bezorger.route.qr.preview.totalQuantity,Totaal aantal items: {quantity},Total item quantity: {quantity},Total item quantity: {quantity},Total item quantity: {quantity},REVIEW,bezorger,"Untranslated or loanword clone (es=en, zh=en); human translation recommended"
bezorger.route.qr.preview.vaccineLines,Vaccinregels,Vaccine lines,Vaccine lines,Vaccine lines,REVIEW,bezorger,"Untranslated or loanword clone (es=en, zh=en); human translation recommended"
bezorger.route.qr.preview.vaccineName,Vaccin,Vaccine,Vaccine,Vaccine,REVIEW,bezorger,"Untranslated or loanword clone (es=en, zh=en); human translation recommended"
bezorger.route.qr.scan,Scan bezorg-QR,Scan delivery QR,Scan delivery QR,Scan delivery QR,REVIEW,bezorger,"Untranslated or loanword clone (es=en, zh=en); human translation recommended"
bezorger.route.qr.status.detected,QR herkend,QR detected,QR detected,QR detected,REVIEW,bezorger,"Untranslated or loanword clone (es=en, zh=en); human translation recommended"
bezorger.route.qr.status.loadingPreview,Bezorggegevens laden…,Loading delivery details…,Loading delivery details…,Loading delivery details…,REVIEW,bezorger,"Untranslated or loanword clone (es=en, zh=en); human translation recommended"
bezorger.route.qr.status.preparing,Scanner voorbereiden…,Preparing scanner…,Preparing scanner…,Preparing scanner…,REVIEW,bezorger,"Untranslated or loanword clone (es=en, zh=en); human translation recommended"
bezorger.route.qr.status.requestingPermission,Cameratoegang vragen…,Requesting camera permission…,Requesting camera permission…,Requesting camera permission…,REVIEW,bezorger,"Untranslated or loanword clone (es=en, zh=en); human translation recommended"
bezorger.route.qr.status.scanning,Bezig met scannen van een bezorg-QR…,Scanning for a delivery QR…,Scanning for a delivery QR…,Scanning for a delivery QR…,REVIEW,bezorger,"Untranslated or loanword clone (es=en, zh=en); human translation recommended"
bezorger.route.qr.success.description,{count} bestelling(en) afgeleverd om {deliveredAt}.,{count} order(s) delivered at {deliveredAt}.,{count} order(s) delivered at {deliveredAt}.,{count} order(s) delivered at {deliveredAt}.,REVIEW,bezorger,"Untranslated or loanword clone (es=en, zh=en); human translation recommended"
bezorger.route.qr.success.title,Aflevering bevestigd,Delivery confirmed,Delivery confirmed,Delivery confirmed,REVIEW,bezorger,"Untranslated or loanword clone (es=en, zh=en); human translation recommended"
bezorger.route.start,Route starten,Start route,Start route,Start route,REVIEW,bezorger,"Untranslated or loanword clone (es=en, zh=en); human translation recommended"
bezorger.route.start.confirm,Bevestig starten,Confirm start,Confirm start,Confirm start,REVIEW,bezorger,"Untranslated or loanword clone (es=en, zh=en); human translation recommended"
bezorger.route.start.description,Bevestig dat je nu begint met deze bezorgroute.,Confirm that you are starting this delivery route now.,Confirm that you are starting this delivery route now.,Confirm that you are starting this delivery route now.,REVIEW,bezorger,"Untranslated or loanword clone (es=en, zh=en); human translation recommended"
bezorger.route.start.title,Route starten?,Start route?,Start route?,Start route?,REVIEW,bezorger,"Untranslated or loanword clone (es=en, zh=en); human translation recommended"
bezorger.route.status,Status,Status,Status,Status,REVIEW,bezorger,"Untranslated or loanword clone (nl=en, es=en, zh=en); human translation recommended"
bezorger.route.stop.delivered,Afgeleverd,Delivered,Delivered,Delivered,REVIEW,bezorger,"Untranslated or loanword clone (es=en, zh=en); human translation recommended"
bezorger.route.stop.deliveredAt,Afgeleverd om {deliveredAt},Delivered at {deliveredAt},Delivered at {deliveredAt},Delivered at {deliveredAt},REVIEW,bezorger,"Untranslated or loanword clone (es=en, zh=en); human translation recommended"
bezorger.route.stop.label,Stop {sequence},Stop {sequence},Stop {sequence},Stop {sequence},REVIEW,bezorger,"Untranslated or loanword clone (nl=en, es=en, zh=en); human translation recommended"
bezorger.route.stop.total,Totaal {doses},Total {doses},Total {doses},Total {doses},REVIEW,bezorger,"Untranslated or loanword clone (es=en, zh=en); human translation recommended"
bezorger.route.stops,{count} stop | {count} stops,{count} stop | {count} stops,{count} stop | {count} stops,{count} stop | {count} stops,REVIEW,bezorger,"Untranslated or loanword clone (nl=en, es=en, zh=en); human translation recommended"
bezorger.route.today.completedNote,Route afgerond. Bestellingen worden apart als geleverd gemarkeerd.,Route completed. Orders are marked as delivered separately.,Route completed. Orders are marked as delivered separately.,Route completed. Orders are marked as delivered separately.,REVIEW,bezorger,"Untranslated or loanword clone (es=en, zh=en); human translation recommended"
bezorger.route.today.description,Stops met adressen en dosissen zoals bij generatie vastgelegd.,Stops with addresses and doses as captured at generation.,Stops with addresses and doses as captured at generation.,Stops with addresses and doses as captured at generation.,REVIEW,bezorger,"Untranslated or loanword clone (es=en, zh=en); human translation recommended"
bezorger.route.today.empty.description,Er is nog geen gegenereerde route voor jouw profiel op de huidige leveringsdatum.,There is no generated route for your profile on the current delivery date.,There is no generated route for your profile on the current delivery date.,There is no generated route for your profile on the current delivery date.,REVIEW,bezorger,"Untranslated or loanword clone (es=en, zh=en); human translation recommended"
bezorger.route.today.empty.title,Geen route voor vandaag,No route for today,No route for today,No route for today,REVIEW,bezorger,"Untranslated or loanword clone (es=en, zh=en); human translation recommended"
bezorger.route.today.emptyStops.description,"Je route is toegewezen, maar er zijn vandaag geen stops met kwalificerende bestellingen.","Your route is assigned, but there are no stops with qualifying orders today.","Your route is assigned, but there are no stops with qualifying orders today.","Your route is assigned, but there are no stops with qualifying orders today.",REVIEW,bezorger,"Untranslated or loanword clone (es=en, zh=en); human translation recommended"
bezorger.route.today.loadFailed,Kon route niet laden,Could not load route,Could not load route,Could not load route,REVIEW,bezorger,"Untranslated or loanword clone (es=en, zh=en); human translation recommended"
bezorger.route.tomorrow.badge,Voorbeeld — niet opgeslagen,Preview — not saved,Preview — not saved,Preview — not saved,REVIEW,bezorger,"Untranslated or loanword clone (es=en, zh=en); human translation recommended"
bezorger.route.tomorrow.deliveryDate,Leveringsdatum (morgen),Delivery date (tomorrow),Delivery date (tomorrow),Delivery date (tomorrow),REVIEW,bezorger,"Untranslated or loanword clone (es=en, zh=en); human translation recommended"
bezorger.route.tomorrow.description,Live berekening op basis van je template en kwalificerende bestellingen. Dit is geen gegenereerde route van vandaag.,Live calculation based on your template and qualifying orders. This is not today's generated route.,Live calculation based on your template and qualifying orders. This is not today's generated route.,Live calculation based on your template and qualifying orders. This is not today's generated route.,REVIEW,bezorger,"Untranslated or loanword clone (es=en, zh=en); human translation recommended"
bezorger.route.tomorrow.empty.description,"Je template is gekoppeld, maar er zijn nog geen kwalificerende bestellingen voor morgen. Apotheken zonder bestelling worden overgeslagen.","Your template is linked, but there are no qualifying orders for tomorrow yet. Pharmacies without an order are skipped.","Your template is linked, but there are no qualifying orders for tomorrow yet. Pharmacies without an order are skipped.","Your template is linked, but there are no qualifying orders for tomorrow yet. Pharmacies without an order are skipped.",REVIEW,bezorger,"Untranslated or loanword clone (es=en, zh=en); human translation recommended"
bezorger.route.tomorrow.empty.title,Geen stops voor morgen,No stops for tomorrow,No stops for tomorrow,No stops for tomorrow,REVIEW,bezorger,"Untranslated or loanword clone (es=en, zh=en); human translation recommended"
bezorger.route.tomorrow.loadFailed,Kon voorbeeldroute niet laden,Could not load route preview,Could not load route preview,Could not load route preview,REVIEW,bezorger,"Untranslated or loanword clone (es=en, zh=en); human translation recommended"
bezorger.route.tomorrow.multipleTemplates.title,Dubbele routetemplate,Duplicate route template,Duplicate route template,Duplicate route template,REVIEW,bezorger,"Untranslated or loanword clone (es=en, zh=en); human translation recommended"
bezorger.route.tomorrow.noTemplate.title,Geen routetemplate,No route template,No route template,No route template,REVIEW,bezorger,"Untranslated or loanword clone (es=en, zh=en); human translation recommended"
bezorger.route.tomorrow.reload,Opnieuw laden,Reload,Reload,Reload,REVIEW,bezorger,"Untranslated or loanword clone (es=en, zh=en); human translation recommended"
bezorger.route.tomorrow.summary,{stops} · {orders} · {doses},{stops} · {orders} · {doses},{stops} · {orders} · {doses},{stops} · {orders} · {doses},REVIEW,bezorger,"Untranslated or loanword clone (nl=en, es=en, zh=en); human translation recommended"
bezorger.route.tomorrow.template,Template: {name},Template: {name},Template: {name},Template: {name},REVIEW,bezorger,"Untranslated or loanword clone (nl=en, es=en, zh=en); human translation recommended"
bezorger.route.tomorrow.title,Voorbeeldroute voor morgen,Tomorrow route preview,Tomorrow route preview,Tomorrow route preview,REVIEW,bezorger,"Untranslated or loanword clone (es=en, zh=en); human translation recommended"
common.actions,Acties,Actions,Actions,Actions,REVIEW,common,"Untranslated or loanword clone (es=en, zh=en); human translation recommended"
common.back.login,Terug naar inloggen,Back to sign in,Back to sign in,Back to sign in,REVIEW,common,"Untranslated or loanword clone (es=en, zh=en); human translation recommended"
common.cancel,Annuleren,Cancel,Cancel,Cancel,REVIEW,common,"Untranslated or loanword clone (es=en, zh=en); human translation recommended"
common.confirm,Bevestigen,Confirm,Confirm,Confirm,REVIEW,common,"Untranslated or loanword clone (es=en, zh=en); human translation recommended"
common.delete,Verwijderen,Delete,Delete,Delete,REVIEW,common,"Untranslated or loanword clone (es=en, zh=en); human translation recommended"
common.description,Beschrijving,Description,Description,Description,REVIEW,common,"Untranslated or loanword clone (es=en, zh=en); human translation recommended"
common.filter,Filteren,Filter,Filter,Filter,REVIEW,common,"Untranslated or loanword clone (es=en, zh=en); human translation recommended"
common.go.admin,Naar admin,Go to admin,Go to admin,Go to admin,REVIEW,common,"Untranslated or loanword clone (es=en, zh=en); human translation recommended"
common.go.login,Naar login,Go to login,Go to login,Go to login,REVIEW,common,"Untranslated or loanword clone (es=en, zh=en); human translation recommended"
common.go.profile,Naar profiel,Go to profile,Go to profile,Go to profile,REVIEW,common,"Untranslated or loanword clone (es=en, zh=en); human translation recommended"
common.noDescription,Geen beschrijving,No description,No description,No description,REVIEW,common,"Untranslated or loanword clone (es=en, zh=en); human translation recommended"
common.notFound.description,De gevraagde route bestaat niet in deze ontwikkelversie.,The requested route does not exist in this development version.,The requested route does not exist in this development version.,The requested route does not exist in this development version.,REVIEW,common,"Untranslated or loanword clone (es=en, zh=en); human translation recommended"
common.notFound.title,Pagina niet gevonden,Page not found,Page not found,Page not found,REVIEW,common,"Untranslated or loanword clone (es=en, zh=en); human translation recommended"
common.permission.denied.description,Je hebt geen rechten om deze pagina te bekijken.,You do not have permission to view this page.,You do not have permission to view this page.,You do not have permission to view this page.,REVIEW,common,"Untranslated or loanword clone (es=en, zh=en); human translation recommended"
common.permission.denied.title,Geen toegang,No access,No access,No access,REVIEW,common,"Untranslated or loanword clone (es=en, zh=en); human translation recommended"
common.quantity,Aantal,Quantity,Quantity,Quantity,REVIEW,common,"Untranslated or loanword clone (es=en, zh=en); human translation recommended"
common.retry,Opnieuw proberen,Try again,Try again,Try again,REVIEW,common,"Untranslated or loanword clone (es=en, zh=en); human translation recommended"
common.save.changes,Wijzigingen opslaan,Save changes,Save changes,Save changes,REVIEW,common,"Untranslated or loanword clone (es=en, zh=en); human translation recommended"
common.unknown,Onbekend,Unknown,Unknown,Unknown,REVIEW,common,"Untranslated or loanword clone (es=en, zh=en); human translation recommended"
deliveryStopQr.admin.viewQr,QR bekijken,View QR,View QR,View QR,REVIEW,deliveryStopQr,"Untranslated or loanword clone (es=en, zh=en); human translation recommended"
deliveryStopQr.admin.viewQrAria,Bekijk bezorg-QR voor deze stop,View delivery QR for this stop,View delivery QR for this stop,View delivery QR for this stop,REVIEW,deliveryStopQr,"Untranslated or loanword clone (es=en, zh=en); human translation recommended"
deliveryStopQr.modal.destination,Bestemming,Destination,Destination,Destination,REVIEW,deliveryStopQr,"Untranslated or loanword clone (es=en, zh=en); human translation recommended"
deliveryStopQr.modal.download,QR downloaden,Download QR,Download QR,Download QR,REVIEW,deliveryStopQr,"Untranslated or loanword clone (es=en, zh=en); human translation recommended"
deliveryStopQr.modal.downloadAria,Download bezorg-QR als SVG-bestand {filename},Download delivery QR as SVG file {filename},Download delivery QR as SVG file {filename},Download delivery QR as SVG file {filename},REVIEW,deliveryStopQr,"Untranslated or loanword clone (es=en, zh=en); human translation recommended"
deliveryStopQr.modal.imageAlt,Bezorgstop QR-code,Delivery stop QR code,Delivery stop QR code,Delivery stop QR code,REVIEW,deliveryStopQr,"Untranslated or loanword clone (es=en, zh=en); human translation recommended"
deliveryStopQr.modal.includedOrders,Inbegrepen bestellingen,Included orders,Included orders,Included orders,REVIEW,deliveryStopQr,"Untranslated or loanword clone (es=en, zh=en); human translation recommended"
deliveryStopQr.modal.keepPrivate,Houd deze QR privé en deel hem alleen met de toegewezen koerier.,Keep this QR private and share it only with the assigned courier.,Keep this QR private and share it only with the assigned courier.,Keep this QR private and share it only with the assigned courier.,REVIEW,deliveryStopQr,"Untranslated or loanword clone (es=en, zh=en); human translation recommended"
deliveryStopQr.modal.route,Route,Route,Route,Route,REVIEW,deliveryStopQr,Untranslated or loanword clone (nl=en); human translation recommended
deliveryStopQr.modal.scanDoesNotComplete,Het scannen van de QR rondt de levering pas af nadat de koerier bevestigt.,Scanning the QR does not complete the delivery until the courier confirms it.,Scanning the QR does not complete the delivery until the courier confirms it.,Scanning the QR does not complete the delivery until the courier confirms it.,REVIEW,deliveryStopQr,"Untranslated or loanword clone (es=en, zh=en); human translation recommended"
deliveryStopQr.modal.showToCourier,Toon deze QR aan de koerier wanneer de levering aankomt.,Show this QR to the courier when the delivery arrives.,Show this QR to the courier when the delivery arrives.,Show this QR to the courier when the delivery arrives.,REVIEW,deliveryStopQr,"Untranslated or loanword clone (es=en, zh=en); human translation recommended"
deliveryStopQr.modal.stopSequence,Stop {sequence},Stop {sequence},Stop {sequence},Stop {sequence},REVIEW,deliveryStopQr,"Untranslated or loanword clone (nl=en, es=en, zh=en); human translation recommended"
deliveryStopQr.modal.title,Bezorg-QR,Delivery QR,Delivery QR,Delivery QR,REVIEW,deliveryStopQr,"Untranslated or loanword clone (es=en, zh=en); human translation recommended"
deliveryStopQr.planned.cardTitle,Geplande levering,Planned delivery,Planned delivery,Planned delivery,REVIEW,deliveryStopQr,"Untranslated or loanword clone (es=en, zh=en); human translation recommended"
deliveryStopQr.planned.empty.description,"Wanneer een bezorgroute jouw apotheek bevat, verschijnt die hier.","When a delivery route includes your pharmacy, it will appear here.","When a delivery route includes your pharmacy, it will appear here.","When a delivery route includes your pharmacy, it will appear here.",REVIEW,deliveryStopQr,"Untranslated or loanword clone (es=en, zh=en); human translation recommended"
deliveryStopQr.planned.empty.title,Geen geplande leveringen,No planned deliveries,No planned deliveries,No planned deliveries,REVIEW,deliveryStopQr,"Untranslated or loanword clone (es=en, zh=en); human translation recommended"
deliveryStopQr.planned.loadFailed,Geplande leveringen konden niet worden geladen,Could not load planned deliveries,Could not load planned deliveries,Could not load planned deliveries,REVIEW,deliveryStopQr,"Untranslated or loanword clone (es=en, zh=en); human translation recommended"
deliveryStopQr.planned.pharmacy,Apotheek,Pharmacy,Pharmacy,Pharmacy,REVIEW,deliveryStopQr,"Untranslated or loanword clone (es=en, zh=en); human translation recommended"
deliveryStopQr.planned.showQr,Toon bezorg-QR,Show delivery QR,Show delivery QR,Show delivery QR,REVIEW,deliveryStopQr,"Untranslated or loanword clone (es=en, zh=en); human translation recommended"
deliveryStopQr.planned.showQrAria,Toon bezorg-QR voor deze stop,Show delivery QR for this stop,Show delivery QR for this stop,Show delivery QR for this stop,REVIEW,deliveryStopQr,"Untranslated or loanword clone (es=en, zh=en); human translation recommended"
deliveryStopQr.planned.title,Geplande leveringen,Planned deliveries,Planned deliveries,Planned deliveries,REVIEW,deliveryStopQr,"Untranslated or loanword clone (es=en, zh=en); human translation recommended"
deliveryStopQr.planned.totalLines,Totaal vaccinjijnen: {count},Total vaccine lines: {count},Total vaccine lines: {count},Total vaccine lines: {count},REVIEW,deliveryStopQr,"Untranslated or loanword clone (es=en, zh=en); human translation recommended"
deliveryStopQr.state.available,QR beschikbaar,QR available,QR available,QR available,REVIEW,deliveryStopQr,"Untranslated or loanword clone (es=en, zh=en); human translation recommended"
deliveryStopQr.state.confirmed,Levering bevestigd,Delivery confirmed,Delivery confirmed,Delivery confirmed,REVIEW,deliveryStopQr,"Untranslated or loanword clone (es=en, zh=en); human translation recommended"
deliveryStopQr.state.unavailable,QR niet beschikbaar voor deze levering,QR unavailable for this delivery,QR unavailable for this delivery,QR unavailable for this delivery,REVIEW,deliveryStopQr,"Untranslated or loanword clone (es=en, zh=en); human translation recommended"
errors.deliveryQr.alreadyDelivered,Deze stop is al gemarkeerd als afgeleverd.,This stop was already marked as delivered.,This stop was already marked as delivered.,This stop was already marked as delivered.,REVIEW,errors,"Untranslated or loanword clone (es=en, zh=en); human translation recommended"
errors.deliveryQr.confirmationConflict,Er was een conflict met een andere bevestigingspoging. Vernieuw en probeer opnieuw.,Another confirmation attempt conflicted. Refresh and try again.,Another confirmation attempt conflicted. Refresh and try again.,Another confirmation attempt conflicted. Refresh and try again.,REVIEW,errors,"Untranslated or loanword clone (es=en, zh=en); human translation recommended"
errors.deliveryQr.confirmationFailed,Bevestiging van aflevering is mislukt. Probeer opnieuw.,Delivery confirmation failed. Try again.,Delivery confirmation failed. Try again.,Delivery confirmation failed. Try again.,REVIEW,errors,"Untranslated or loanword clone (es=en, zh=en); human translation recommended"
errors.deliveryQr.confirmationInProgress,Bevestiging van aflevering is al bezig. Controleer zo opnieuw.,Delivery confirmation is already in progress. Check again shortly.,Delivery confirmation is already in progress. Check again shortly.,Delivery confirmation is already in progress. Check again shortly.,REVIEW,errors,"Untranslated or loanword clone (es=en, zh=en); human translation recommended"
errors.deliveryQr.consumed,Deze bezorg-QR is al gebruikt.,This delivery QR has already been used.,This delivery QR has already been used.,This delivery QR has already been used.,REVIEW,errors,"Untranslated or loanword clone (es=en, zh=en); human translation recommended"
errors.deliveryQr.forbidden,Je mag deze bezorg-QR niet scannen.,You are not allowed to scan this delivery QR.,You are not allowed to scan this delivery QR.,You are not allowed to scan this delivery QR.,REVIEW,errors,"Untranslated or loanword clone (es=en, zh=en); human translation recommended"
errors.deliveryQr.generic,De bezorg-QR kon niet worden verwerkt.,Could not process the delivery QR.,Could not process the delivery QR.,Could not process the delivery QR.,REVIEW,errors,"Untranslated or loanword clone (es=en, zh=en); human translation recommended"
errors.deliveryQr.integrity,De bestellingen voor deze stop konden niet worden geverifieerd. Scan opnieuw na het vernieuwen van de route.,The orders for this stop could not be verified. Scan again after refreshing the route.,The orders for this stop could not be verified. Scan again after refreshing the route.,The orders for this stop could not be verified. Scan again after refreshing the route.,REVIEW,errors,"Untranslated or loanword clone (es=en, zh=en); human translation recommended"
errors.deliveryQr.network,Kon de server niet bereiken om de bezorg-QR te verwerken.,Could not reach the server to process the delivery QR.,Could not reach the server to process the delivery QR.,Could not reach the server to process the delivery QR.,REVIEW,errors,"Untranslated or loanword clone (es=en, zh=en); human translation recommended"
errors.deliveryQr.rateLimited,Te veel QR-verzoeken. Wacht even en probeer opnieuw.,Too many QR requests. Please wait and try again.,Too many QR requests. Please wait and try again.,Too many QR requests. Please wait and try again.,REVIEW,errors,"Untranslated or loanword clone (es=en, zh=en); human translation recommended"
errors.deliveryQr.routeInactive,Deze route is niet meer actief voor bezorgscanning.,This route is no longer active for delivery scanning.,This route is no longer active for delivery scanning.,This route is no longer active for delivery scanning.,REVIEW,errors,"Untranslated or loanword clone (es=en, zh=en); human translation recommended"
errors.deliveryQr.routeNotFound,De bezorgroute voor deze QR is niet gevonden.,The delivery route for this QR was not found.,The delivery route for this QR was not found.,The delivery route for this QR was not found.,REVIEW,errors,"Untranslated or loanword clone (es=en, zh=en); human translation recommended"
errors.deliveryQr.routeNotStarted,Start de route voordat je een bezorg-QR scant.,Start the route before scanning a delivery QR.,Start the route before scanning a delivery QR.,Start the route before scanning a delivery QR.,REVIEW,errors,"Untranslated or loanword clone (es=en, zh=en); human translation recommended"
errors.deliveryQr.stopNotFound,De stop voor deze bezorg-QR is niet gevonden.,The stop for this delivery QR was not found.,The stop for this delivery QR was not found.,The stop for this delivery QR was not found.,REVIEW,errors,"Untranslated or loanword clone (es=en, zh=en); human translation recommended"
errors.deliveryQr.tokenInvalid,Deze bezorg-QR is ongeldig.,This delivery QR is invalid.,This delivery QR is invalid.,This delivery QR is invalid.,REVIEW,errors,"Untranslated or loanword clone (es=en, zh=en); human translation recommended"
errors.deliveryQr.tokenRequired,Een bezorg-QR-token is verplicht.,A delivery QR token is required.,A delivery QR token is required.,A delivery QR token is required.,REVIEW,errors,"Untranslated or loanword clone (es=en, zh=en); human translation recommended"
errors.deliveryQr.unauthorized,Meld je opnieuw aan om een bezorg-QR te scannen.,Sign in again to scan a delivery QR.,Sign in again to scan a delivery QR.,Sign in again to scan a delivery QR.,REVIEW,errors,"Untranslated or loanword clone (es=en, zh=en); human translation recommended"
errors.deliveryQr.versionUnsupported,Deze bezorg-QR-versie wordt niet ondersteund.,This delivery QR version is not supported.,This delivery QR version is not supported.,This delivery QR version is not supported.,REVIEW,errors,"Untranslated or loanword clone (es=en, zh=en); human translation recommended"
errors.deliveryQr.wrongCourier,Deze bezorg-QR hoort bij een andere bezorger.,This delivery QR belongs to a different courier.,This delivery QR belongs to a different courier.,This delivery QR belongs to a different courier.,REVIEW,errors,"Untranslated or loanword clone (es=en, zh=en); human translation recommended"
errors.deliveryStopQr.consumed,Deze bezorg-QR is al gebruikt.,This delivery QR has already been used.,This delivery QR has already been used.,This delivery QR has already been used.,REVIEW,errors,"Untranslated or loanword clone (es=en, zh=en); human translation recommended"
errors.deliveryStopQr.forbidden,Je mag deze bezorg-QR niet bekijken.,You are not allowed to view this delivery QR.,You are not allowed to view this delivery QR.,You are not allowed to view this delivery QR.,REVIEW,errors,"Untranslated or loanword clone (es=en, zh=en); human translation recommended"
errors.deliveryStopQr.invalidState,Bezorg-QR metadata is ongeldig.,Delivery QR metadata is invalid.,Delivery QR metadata is invalid.,Delivery QR metadata is invalid.,REVIEW,errors,"Untranslated or loanword clone (es=en, zh=en); human translation recommended"
errors.deliveryStopQr.network,De server kon niet worden bereikt om de bezorg-QR te laden.,Could not reach the server to load the delivery QR.,Could not reach the server to load the delivery QR.,Could not reach the server to load the delivery QR.,REVIEW,errors,"Untranslated or loanword clone (es=en, zh=en); human translation recommended"
errors.deliveryStopQr.notAvailable,QR niet beschikbaar voor deze levering.,QR unavailable for this delivery.,QR unavailable for this delivery.,QR unavailable for this delivery.,REVIEW,errors,"Untranslated or loanword clone (es=en, zh=en); human translation recommended"
errors.deliveryStopQr.notFound,Deze bezorg-QR is niet gevonden.,This delivery QR was not found.,This delivery QR was not found.,This delivery QR was not found.,REVIEW,errors,"Untranslated or loanword clone (es=en, zh=en); human translation recommended"
errors.deliveryStopQr.rateLimited,Te veel QR-verzoeken. Wacht even en probeer opnieuw.,Too many QR requests. Please wait and try again.,Too many QR requests. Please wait and try again.,Too many QR requests. Please wait and try again.,REVIEW,errors,"Untranslated or loanword clone (es=en, zh=en); human translation recommended"
errors.deliveryStopQr.routeInactive,Deze route is niet langer actief voor QR-weergave.,This route is no longer active for QR display.,This route is no longer active for QR display.,This route is no longer active for QR display.,REVIEW,errors,"Untranslated or loanword clone (es=en, zh=en); human translation recommended"
errors.deliveryStopQr.unableToLoad,QR kon niet worden geladen,Unable to load QR,Unable to load QR,Unable to load QR,REVIEW,errors,"Untranslated or loanword clone (es=en, zh=en); human translation recommended"
errors.deliveryStopQr.unauthorized,Meld je opnieuw aan om de bezorg-QR te bekijken.,Sign in again to view the delivery QR.,Sign in again to view the delivery QR.,Sign in again to view the delivery QR.,REVIEW,errors,"Untranslated or loanword clone (es=en, zh=en); human translation recommended"
errors.generic,Er ging iets mis. Probeer het opnieuw.,Something went wrong. Please try again.,Something went wrong. Please try again.,Something went wrong. Please try again.,REVIEW,errors,"Untranslated or loanword clone (es=en, zh=en); human translation recommended"
errors.notification.markAllReadFailed,Niet alle meldingen konden als gelezen worden gemarkeerd,Could not mark all notifications as read,Could not mark all notifications as read,Could not mark all notifications as read,REVIEW,errors,"Untranslated or loanword clone (es=en, zh=en); human translation recommended"
errors.notification.markReadFailed,Kon de melding niet als gelezen markeren.,Could not mark the notification as read.,Could not mark the notification as read.,Could not mark the notification as read.,REVIEW,errors,"Untranslated or loanword clone (es=en, zh=en); human translation recommended"
errors.order.cancelFailed,Kon de bestelling niet annuleren.,Could not cancel the order.,Could not cancel the order.,Could not cancel the order.,REVIEW,errors,"Untranslated or loanword clone (es=en, zh=en); human translation recommended"
errors.order.cancelNotAllowed,Deze bestelling kan niet meer geannuleerd worden.,This order can no longer be cancelled.,This order can no longer be cancelled.,This order can no longer be cancelled.,REVIEW,errors,"Untranslated or loanword clone (es=en, zh=en); human translation recommended"
errors.order.dailyLimitExceededPrecise,De gevraagde hoeveelheid overschrijdt het resterende daglimiet voor dit vaccin. Resterend vandaag: {remaining},The requested quantity exceeds the remaining daily limit for this vaccine. Remaining today: {remaining},The requested quantity exceeds the remaining daily limit for this vaccine. Remaining today: {remaining},The requested quantity exceeds the remaining daily limit for this vaccine. Remaining today: {remaining},REVIEW,errors,"Untranslated or loanword clone (es=en, zh=en); human translation recommended"
errors.order.deliverInsufficientStock,Onvoldoende voorraad om deze bestelling te leveren. Er is geen wijziging doorgevoerd.,Insufficient stock to deliver this order. No changes were made.,Insufficient stock to deliver this order. No changes were made.,Insufficient stock to deliver this order. No changes were made.,REVIEW,errors,"Untranslated or loanword clone (es=en, zh=en); human translation recommended"
errors.order.invalidStatusTransition,Deze statusovergang is niet toegestaan.,This status transition is not allowed.,This status transition is not allowed.,This status transition is not allowed.,REVIEW,errors,"Untranslated or loanword clone (es=en, zh=en); human translation recommended"
errors.order.placeFailed,Kon de bestelling niet plaatsen.,Could not place the order.,Could not place the order.,Could not place the order.,REVIEW,errors,"Untranslated or loanword clone (es=en, zh=en); human translation recommended"
errors.order.statusUpdateFailed,Kon de bestellingsstatus niet bijwerken.,Could not update the order status.,Could not update the order status.,Could not update the order status.,REVIEW,errors,"Untranslated or loanword clone (es=en, zh=en); human translation recommended"
errors.order.vaccineInactive,Een geselecteerd vaccin is niet meer beschikbaar.,A selected vaccine is no longer available.,A selected vaccine is no longer available.,A selected vaccine is no longer available.,REVIEW,errors,"Untranslated or loanword clone (es=en, zh=en); human translation recommended"
errors.order.weeklyLimitExceeded,Het weekmaximum van {limit} dosissen is overschreden.,The weekly maximum of {limit} doses has been exceeded.,The weekly maximum of {limit} doses has been exceeded.,The weekly maximum of {limit} doses has been exceeded.,REVIEW,errors,"Untranslated or loanword clone (es=en, zh=en); human translation recommended"
errors.profile.apotheker.createFailed,Kon het apotheekprofiel niet aanmaken.,Could not create the pharmacy profile.,Could not create the pharmacy profile.,Could not create the pharmacy profile.,REVIEW,errors,"Untranslated or loanword clone (es=en, zh=en); human translation recommended"
errors.profile.apotheker.updateFailed,Kon het apotheekprofiel niet bijwerken.,Could not update the pharmacy profile.,Could not update the pharmacy profile.,Could not update the pharmacy profile.,REVIEW,errors,"Untranslated or loanword clone (es=en, zh=en); human translation recommended"
errors.profile.bezorger.createFailed,Kon het bezorgerprofiel niet aanmaken.,Could not create the courier profile.,Could not create the courier profile.,Could not create the courier profile.,REVIEW,errors,"Untranslated or loanword clone (es=en, zh=en); human translation recommended"
errors.profile.bezorger.updateFailed,Kon het bezorgerprofiel niet bijwerken.,Could not update the courier profile.,Could not update the courier profile.,Could not update the courier profile.,REVIEW,errors,"Untranslated or loanword clone (es=en, zh=en); human translation recommended"
errors.profile.createFailed,Kon het applicatieprofiel niet aanmaken.,Could not create the application profile.,Could not create the application profile.,Could not create the application profile.,REVIEW,errors,"Untranslated or loanword clone (es=en, zh=en); human translation recommended"
errors.profile.loadFailed,Kon het applicatieprofiel niet laden.,Could not load the application profile.,Could not load the application profile.,Could not load the application profile.,REVIEW,errors,"Untranslated or loanword clone (es=en, zh=en); human translation recommended"
errors.profile.updateFailed,Kon het profiel niet bijwerken.,Could not update the profile.,Could not update the profile.,Could not update the profile.,REVIEW,errors,"Untranslated or loanword clone (es=en, zh=en); human translation recommended"
errors.routeTemplate.alreadyExists,Er bestaat al een routetemplate met deze naam.,A route template with this name already exists.,A route template with this name already exists.,A route template with this name already exists.,REVIEW,errors,"Untranslated or loanword clone (es=en, zh=en); human translation recommended"
errors.routeTemplate.createFailed,Kon de routetemplate niet aanmaken.,Could not create the route template.,Could not create the route template.,Could not create the route template.,REVIEW,errors,"Untranslated or loanword clone (es=en, zh=en); human translation recommended"
errors.routeTemplate.duplicatePharmacy,Deze apotheek staat al in de route.,This pharmacy is already on the route.,This pharmacy is already on the route.,This pharmacy is already on the route.,REVIEW,errors,"Untranslated or loanword clone (es=en, zh=en); human translation recommended"
errors.routeTemplate.duplicateStop,Dubbele apotheken in één template zijn niet toegestaan.,Duplicate pharmacies in one template are not allowed.,Duplicate pharmacies in one template are not allowed.,Duplicate pharmacies in one template are not allowed.,REVIEW,errors,"Untranslated or loanword clone (es=en, zh=en); human translation recommended"
errors.routeTemplate.emptyStops,Voeg minstens één apotheekstop toe.,Add at least one pharmacy stop.,Add at least one pharmacy stop.,Add at least one pharmacy stop.,REVIEW,errors,"Untranslated or loanword clone (es=en, zh=en); human translation recommended"
errors.routeTemplate.multipleActiveForCourier,Er zijn meerdere actieve routetemplates aan jouw bezorgerprofiel gekoppeld. Vraag een beheerder om de dubbele toewijzing te herstellen.,Multiple active route templates are linked to your courier profile. Ask an administrator to resolve the duplicate assignment.,Multiple active route templates are linked to your courier profile. Ask an administrator to resolve the duplicate assignment.,Multiple active route templates are linked to your courier profile. Ask an administrator to resolve the duplicate assignment.,REVIEW,errors,"Untranslated or loanword clone (es=en, zh=en); human translation recommended"
errors.routeTemplate.notAssigned,Er is geen actieve routetemplate aan jouw bezorgerprofiel gekoppeld.,No active route template is linked to your courier profile.,No active route template is linked to your courier profile.,No active route template is linked to your courier profile.,REVIEW,errors,"Untranslated or loanword clone (es=en, zh=en); human translation recommended"
errors.routeTemplate.statusUpdateFailed,Kon de templatestatus niet bijwerken.,Could not update the template status.,Could not update the template status.,Could not update the template status.,REVIEW,errors,"Untranslated or loanword clone (es=en, zh=en); human translation recommended"
errors.routeTemplate.updateFailed,Kon de routetemplate niet bijwerken.,Could not update the route template.,Could not update the route template.,Could not update the route template.,REVIEW,errors,"Untranslated or loanword clone (es=en, zh=en); human translation recommended"
errors.settings.updateFailed,Kon de instellingen niet bijwerken.,Could not update the settings.,Could not update the settings.,Could not update the settings.,REVIEW,errors,"Untranslated or loanword clone (es=en, zh=en); human translation recommended"
errors.stock.adjustFailed,Kon de voorraad niet aanpassen.,Could not adjust the stock.,Could not adjust the stock.,Could not adjust the stock.,REVIEW,errors,"Untranslated or loanword clone (es=en, zh=en); human translation recommended"
errors.stock.insufficient,Onvoldoende voorraad voor deze bewerking.,Insufficient stock for this operation.,Insufficient stock for this operation.,Insufficient stock for this operation.,REVIEW,errors,"Untranslated or loanword clone (es=en, zh=en); human translation recommended"
errors.stock.invalidAdjustment,Ongeldige voorraadaanpassing. Controleer type en aantal.,Invalid stock adjustment. Check the type and quantity.,Invalid stock adjustment. Check the type and quantity.,Invalid stock adjustment. Check the type and quantity.,REVIEW,errors,"Untranslated or loanword clone (es=en, zh=en); human translation recommended"
errors.vaccine.alreadyExists,Er bestaat al een vaccin met deze naam.,A vaccine with this name already exists.,A vaccine with this name already exists.,A vaccine with this name already exists.,REVIEW,errors,"Untranslated or loanword clone (es=en, zh=en); human translation recommended"
errors.vaccine.createFailed,Kon het vaccin niet aanmaken.,Could not create the vaccine.,Could not create the vaccine.,Could not create the vaccine.,REVIEW,errors,"Untranslated or loanword clone (es=en, zh=en); human translation recommended"
errors.vaccine.statusUpdateFailed,Kon de vaccinstatus niet bijwerken.,Could not update the vaccine status.,Could not update the vaccine status.,Could not update the vaccine status.,REVIEW,errors,"Untranslated or loanword clone (es=en, zh=en); human translation recommended"
errors.vaccine.updateFailed,Kon het vaccin niet bijwerken.,Could not update the vaccine.,Could not update the vaccine.,Could not update the vaccine.,REVIEW,errors,"Untranslated or loanword clone (es=en, zh=en); human translation recommended"
errors.vaccineImage.concurrent,De afbeelding is elders gewijzigd. Vernieuw en probeer opnieuw.,The image was changed elsewhere. Refresh and try again.,The image was changed elsewhere. Refresh and try again.,The image was changed elsewhere. Refresh and try again.,REVIEW,errors,"Untranslated or loanword clone (es=en, zh=en); human translation recommended"
errors.vaccineImage.fileRequired,Een afbeeldingsbestand is verplicht.,An image file is required.,An image file is required.,An image file is required.,REVIEW,errors,"Untranslated or loanword clone (es=en, zh=en); human translation recommended"
errors.vaccineImage.forbidden,Alleen beheerders kunnen vaccinatie-afbeeldingen beheren.,Only administrators can manage vaccine images.,Only administrators can manage vaccine images.,Only administrators can manage vaccine images.,REVIEW,errors,"Untranslated or loanword clone (es=en, zh=en); human translation recommended"
errors.vaccineImage.generic,De vaccinatie-afbeelding kon niet worden bijgewerkt.,Could not update the vaccine image.,Could not update the vaccine image.,Could not update the vaccine image.,REVIEW,errors,"Untranslated or loanword clone (es=en, zh=en); human translation recommended"
errors.vaccineImage.invalid,Het afbeeldingsbestand is ongeldig.,The image file is not valid.,The image file is not valid.,The image file is not valid.,REVIEW,errors,"Untranslated or loanword clone (es=en, zh=en); human translation recommended"
errors.vaccineImage.network,De server kon niet worden bereikt om de afbeelding te beheren.,Could not reach the server to manage the image.,Could not reach the server to manage the image.,Could not reach the server to manage the image.,REVIEW,errors,"Untranslated or loanword clone (es=en, zh=en); human translation recommended"
errors.vaccineImage.notFound,Vaccin niet gevonden.,Vaccine not found.,Vaccine not found.,Vaccine not found.,REVIEW,errors,"Untranslated or loanword clone (es=en, zh=en); human translation recommended"
errors.vaccineImage.notPresent,Dit vaccin heeft geen afbeelding om te overschrijven.,This vaccine has no image to override.,This vaccine has no image to override.,This vaccine has no image to override.,REVIEW,errors,"Untranslated or loanword clone (es=en, zh=en); human translation recommended"
errors.vaccineImage.overrideReason,Geef een geldige overschrijvingsreden op.,Provide a valid override reason.,Provide a valid override reason.,Provide a valid override reason.,REVIEW,errors,"Untranslated or loanword clone (es=en, zh=en); human translation recommended"
errors.vaccineImage.rateLimited,Te veel afbeeldingsverzoeken. Wacht even en probeer opnieuw.,Too many image requests. Please wait and try again.,Too many image requests. Please wait and try again.,Too many image requests. Please wait and try again.,REVIEW,errors,"Untranslated or loanword clone (es=en, zh=en); human translation recommended"
errors.vaccineImage.tooLarge,De afbeelding is te groot om te uploaden.,The image is too large to upload.,The image is too large to upload.,The image is too large to upload.,REVIEW,errors,"Untranslated or loanword clone (es=en, zh=en); human translation recommended"
errors.vaccineImage.unauthorized,Meld u opnieuw aan om vaccinatie-afbeeldingen te beheren.,Sign in again to manage vaccine images.,Sign in again to manage vaccine images.,Sign in again to manage vaccine images.,REVIEW,errors,"Untranslated or loanword clone (es=en, zh=en); human translation recommended"
errors.vaccineImage.unsupportedType,Dit afbeeldingstype wordt niet ondersteund.,This image type is not supported.,This image type is not supported.,This image type is not supported.,REVIEW,errors,"Untranslated or loanword clone (es=en, zh=en); human translation recommended"
navigation.account,Account,Account,Cuenta,账户,REVIEW,navigation,Untranslated or loanword clone (nl=en); human translation recommended
navigation.admin.courierAnalytics,Bezorgeranalyse,Courier analytics,Courier analytics,Courier analytics,REVIEW,navigation,"Untranslated or loanword clone (es=en, zh=en); human translation recommended"
navigation.admin.dashboard,Dashboard,Dashboard,Panel,仪表板,REVIEW,navigation,Untranslated or loanword clone (nl=en); human translation recommended
navigation.apotheker.dashboard,Dashboard,Dashboard,Panel,仪表板,REVIEW,navigation,Untranslated or loanword clone (nl=en); human translation recommended
navigation.apotheker.notifications,Meldingen,Notifications,Notifications,Notifications,REVIEW,navigation,"Untranslated or loanword clone (es=en, zh=en); human translation recommended"
navigation.bezorger.dashboard,Dashboard,Dashboard,Panel,仪表板,REVIEW,navigation,Untranslated or loanword clone (nl=en); human translation recommended
navigation.bezorger.notifications,Meldingen,Notifications,Notifications,Notifications,REVIEW,navigation,"Untranslated or loanword clone (es=en, zh=en); human translation recommended"
notifications.centre.empty.description,Je hebt nog geen meldingen ontvangen.,You have not received any notifications yet.,You have not received any notifications yet.,You have not received any notifications yet.,REVIEW,notifications,"Untranslated or loanword clone (es=en, zh=en); human translation recommended"
notifications.centre.empty.title,Geen meldingen,No notifications,No notifications,No notifications,REVIEW,notifications,"Untranslated or loanword clone (es=en, zh=en); human translation recommended"
notifications.centre.loadFailed,Meldingen laden mislukt,Failed to load notifications,Failed to load notifications,Failed to load notifications,REVIEW,notifications,"Untranslated or loanword clone (es=en, zh=en); human translation recommended"
notifications.centre.markAllRead,Alles markeren als gelezen,Mark all as read,Mark all as read,Mark all as read,REVIEW,notifications,"Untranslated or loanword clone (es=en, zh=en); human translation recommended"
notifications.centre.markRead,Markeer als gelezen,Mark as read,Mark as read,Mark as read,REVIEW,notifications,"Untranslated or loanword clone (es=en, zh=en); human translation recommended"
notifications.centre.openDetails,Details openen,Open details,Open details,Open details,REVIEW,notifications,"Untranslated or loanword clone (es=en, zh=en); human translation recommended"
notifications.centre.title,Meldingen,Notifications,Notifications,Notifications,REVIEW,notifications,"Untranslated or loanword clone (es=en, zh=en); human translation recommended"
notifications.centre.unreadCount,{count} ongelezen meldingen,{count} unread notifications,{count} unread notifications,{count} unread notifications,REVIEW,notifications,"Untranslated or loanword clone (es=en, zh=en); human translation recommended"
notifications.push.permission.banner.body,Blijf op de hoogte van routes en leveringen. Jij kiest wanneer je toestemming geeft.,Stay informed about routes and deliveries. You choose when to allow.,Stay informed about routes and deliveries. You choose when to allow.,Stay informed about routes and deliveries. You choose when to allow.,REVIEW,notifications,"Untranslated or loanword clone (es=en, zh=en); human translation recommended"
notifications.push.permission.banner.title,Meldingen inschakelen,Enable notifications,Enable notifications,Enable notifications,REVIEW,notifications,"Untranslated or loanword clone (es=en, zh=en); human translation recommended"
notifications.push.permission.dismiss,Niet nu,Not now,Not now,Not now,REVIEW,notifications,"Untranslated or loanword clone (es=en, zh=en); human translation recommended"
notifications.push.permission.enable,Inschakelen,Enable,Enable,Enable,REVIEW,notifications,"Untranslated or loanword clone (es=en, zh=en); human translation recommended"
notifications.push.settings.description,Ontvang updates over leveringen en routes op dit apparaat.,Receive updates about deliveries and routes on this device.,Receive updates about deliveries and routes on this device.,Receive updates about deliveries and routes on this device.,REVIEW,notifications,"Untranslated or loanword clone (es=en, zh=en); human translation recommended"
notifications.push.settings.title,Meldingsinstellingen,Notification settings,Notification settings,Notification settings,REVIEW,notifications,"Untranslated or loanword clone (es=en, zh=en); human translation recommended"
notifications.push.settings.toggle,Pushmeldingen,Push notifications,Push notifications,Push notifications,REVIEW,notifications,"Untranslated or loanword clone (es=en, zh=en); human translation recommended"
notifications.push.status.denied,Toestemming geweigerd,Permission denied,Permission denied,Permission denied,REVIEW,notifications,"Untranslated or loanword clone (es=en, zh=en); human translation recommended"
notifications.push.status.deniedGuidance,"Schakel meldingen in via de browserinstellingen voor deze site, keer dan terug en zet de schakelaar aan.","Enable notifications in your browser settings for this site, then return here and turn the toggle on.","Enable notifications in your browser settings for this site, then return here and turn the toggle on.","Enable notifications in your browser settings for this site, then return here and turn the toggle on.",REVIEW,notifications,"Untranslated or loanword clone (es=en, zh=en); human translation recommended"
notifications.push.status.disabled,Meldingen uitgeschakeld,Notifications disabled,Notifications disabled,Notifications disabled,REVIEW,notifications,"Untranslated or loanword clone (es=en, zh=en); human translation recommended"
notifications.push.status.disableFailed,Meldingen uitschakelen op dit apparaat mislukt,Unable to disable notifications on this device,Unable to disable notifications on this device,Unable to disable notifications on this device,REVIEW,notifications,"Untranslated or loanword clone (es=en, zh=en); human translation recommended"
notifications.push.status.enabled,Meldingen ingeschakeld,Notifications enabled,Notifications enabled,Notifications enabled,REVIEW,notifications,"Untranslated or loanword clone (es=en, zh=en); human translation recommended"
notifications.push.status.registerFailed,Meldingen registreren mislukt,Unable to register notifications,Unable to register notifications,Unable to register notifications,REVIEW,notifications,"Untranslated or loanword clone (es=en, zh=en); human translation recommended"
notifications.push.status.requesting,Toestemming voor meldingen vragen…,Requesting notification permission…,Requesting notification permission…,Requesting notification permission…,REVIEW,notifications,"Untranslated or loanword clone (es=en, zh=en); human translation recommended"
notifications.push.status.unavailable,Pushmeldingen zijn nog niet geconfigureerd op dit apparaat,Push notifications are not configured on this device yet,Push notifications are not configured on this device yet,Push notifications are not configured on this device yet,REVIEW,notifications,"Untranslated or loanword clone (es=en, zh=en); human translation recommended"
notifications.push.status.unsupported,Meldingen worden niet ondersteund in deze browser,Notifications unsupported in this browser,Notifications unsupported in this browser,Notifications unsupported in this browser,REVIEW,notifications,"Untranslated or loanword clone (es=en, zh=en); human translation recommended"
notifications.push.status.vapidConfig,Pushconfiguratie is onvolledig. Neem contact op met een beheerder.,Push configuration is incomplete. Contact an administrator.,Push configuration is incomplete. Contact an administrator.,Push configuration is incomplete. Contact an administrator.,REVIEW,notifications,"Untranslated or loanword clone (es=en, zh=en); human translation recommended"
offline.action.requiresConnection,Deze actie vereist een internetverbinding.,This action requires an internet connection.,This action requires an internet connection.,This action requires an internet connection.,REVIEW,offline,"Untranslated or loanword clone (es=en, zh=en); human translation recommended"
offline.copy.description,Sommige informatie kan zijn gewijzigd.,Some information may have changed.,Some information may have changed.,Some information may have changed.,REVIEW,offline,"Untranslated or loanword clone (es=en, zh=en); human translation recommended"
offline.copy.title,Offline kopie,Offline copy,Offline copy,Offline copy,REVIEW,offline,"Untranslated or loanword clone (es=en, zh=en); human translation recommended"
offline.error.authRequired,Meld je opnieuw aan om verder te gaan.,Sign in again to continue.,Sign in again to continue.,Sign in again to continue.,REVIEW,offline,"Untranslated or loanword clone (es=en, zh=en); human translation recommended"
offline.error.cacheUnavailable,Offline opslag is niet toegankelijk,Unable to access offline storage,Unable to access offline storage,Unable to access offline storage,REVIEW,offline,"Untranslated or loanword clone (es=en, zh=en); human translation recommended"
offline.error.forbidden,Je hebt geen toestemming om deze gegevens te bekijken.,You do not have permission to view this data.,You do not have permission to view this data.,You do not have permission to view this data.,REVIEW,offline,"Untranslated or loanword clone (es=en, zh=en); human translation recommended"
offline.error.networkUnavailable,Server niet bereikbaar. Controleer je verbinding en probeer opnieuw.,Could not reach the server. Check your connection and try again.,Could not reach the server. Check your connection and try again.,Could not reach the server. Check your connection and try again.,REVIEW,offline,"Untranslated or loanword clone (es=en, zh=en); human translation recommended"
offline.error.server,Er ging iets mis op de server. Probeer het opnieuw.,Something went wrong on the server. Please try again.,Something went wrong on the server. Please try again.,Something went wrong on the server. Please try again.,REVIEW,offline,"Untranslated or loanword clone (es=en, zh=en); human translation recommended"
offline.lastUpdated,Laatst bijgewerkt: {dateTime},Last updated: {dateTime},Last updated: {dateTime},Last updated: {dateTime},REVIEW,offline,"Untranslated or loanword clone (es=en, zh=en); human translation recommended"
offline.notifications.banner,Offline meldingen,Offline notifications,Offline notifications,Offline notifications,REVIEW,offline,"Untranslated or loanword clone (es=en, zh=en); human translation recommended"
offline.notifications.cacheExpired,Opgeslagen meldingen zijn verlopen,Cached notifications expired,Cached notifications expired,Cached notifications expired,REVIEW,offline,"Untranslated or loanword clone (es=en, zh=en); human translation recommended"
offline.notifications.readRequiresConnection,Leesstatus kan offline niet worden gewijzigd.,Read status cannot be changed offline.,Read status cannot be changed offline.,Read status cannot be changed offline.,REVIEW,offline,"Untranslated or loanword clone (es=en, zh=en); human translation recommended"
offline.notifications.refreshFailed,Meldingen vernieuwen mislukt. De offline kopie wordt getoond.,Could not refresh notifications. Showing the offline copy.,Could not refresh notifications. Showing the offline copy.,Could not refresh notifications. Showing the offline copy.,REVIEW,offline,"Untranslated or loanword clone (es=en, zh=en); human translation recommended"
offline.notifications.unavailable,Meldingen offline niet beschikbaar,Notifications unavailable offline,Notifications unavailable offline,Notifications unavailable offline,REVIEW,offline,"Untranslated or loanword clone (es=en, zh=en); human translation recommended"
offline.route.cacheExpired,Opgeslagen route is verlopen,Cached route expired,Cached route expired,Cached route expired,REVIEW,offline,"Untranslated or loanword clone (es=en, zh=en); human translation recommended"
offline.route.openOnlineFirst,Open deze route eerst online.,Open this route online first.,Open this route online first.,Open this route online first.,REVIEW,offline,"Untranslated or loanword clone (es=en, zh=en); human translation recommended"
offline.route.orderReferences,Bestellingen: {references},Orders: {references},Orders: {references},Orders: {references},REVIEW,offline,"Untranslated or loanword clone (es=en, zh=en); human translation recommended"
offline.route.orderReferencesOmitted,Bestelreferenties niet beschikbaar in deze offline kopie.,Order references unavailable in this offline copy.,Order references unavailable in this offline copy.,Order references unavailable in this offline copy.,REVIEW,offline,"Untranslated or loanword clone (es=en, zh=en); human translation recommended"
offline.route.refreshFailed,Route vernieuwen mislukt. De offline kopie wordt getoond.,Could not refresh the route. Showing the offline copy.,Could not refresh the route. Showing the offline copy.,Could not refresh the route. Showing the offline copy.,REVIEW,offline,"Untranslated or loanword clone (es=en, zh=en); human translation recommended"
offline.route.refreshing,Route wordt vernieuwd…,Refreshing route…,Refreshing route…,Refreshing route…,REVIEW,offline,"Untranslated or loanword clone (es=en, zh=en); human translation recommended"
offline.route.unavailable,Route offline niet beschikbaar,Route unavailable offline,Route unavailable offline,Route unavailable offline,REVIEW,offline,"Untranslated or loanword clone (es=en, zh=en); human translation recommended"
orderHistory.column.status,Status,Status,Estado,状态,REVIEW,orderHistory,Untranslated or loanword clone (nl=en); human translation recommended
orderHistory.filter.status,Status,Status,Estado,状态,REVIEW,orderHistory,Untranslated or loanword clone (nl=en); human translation recommended
orderHistory.lines.detail,{name} ({manufacturer}) — {quantity},{name} ({manufacturer}) — {quantity},{name} ({manufacturer}) — {quantity},{name}（{manufacturer}）— {quantity},REVIEW,orderHistory,"Untranslated or loanword clone (nl=en, es=en); human translation recommended"
orders.deliveryDate,Leverdatum,Delivery date,Delivery date,Delivery date,REVIEW,orders,"Untranslated or loanword clone (es=en, zh=en); human translation recommended"
orders.filter.allStatuses,Alle statussen,All statuses,All statuses,All statuses,REVIEW,orders,"Untranslated or loanword clone (es=en, zh=en); human translation recommended"
orders.filter.isoWeek,ISO-week,ISO week,ISO week,ISO week,REVIEW,orders,"Untranslated or loanword clone (es=en, zh=en); human translation recommended"
orders.filter.isoYear,ISO-jaar,ISO year,ISO year,ISO year,REVIEW,orders,"Untranslated or loanword clone (es=en, zh=en); human translation recommended"
orders.filter.status,Status,Status,Status,Status,REVIEW,orders,"Untranslated or loanword clone (nl=en, es=en, zh=en); human translation recommended"
profiles.field.countryCode,Landcode,Country code,Country code,Country code,REVIEW,profiles,"Untranslated or loanword clone (es=en, zh=en); human translation recommended"
profiles.field.displayName,Weergavenaam,Display name,Display name,Display name,REVIEW,profiles,"Untranslated or loanword clone (es=en, zh=en); human translation recommended"
profiles.field.houseNumber,Huisnummer,House number,House number,House number,REVIEW,profiles,"Untranslated or loanword clone (es=en, zh=en); human translation recommended"
profiles.field.pharmacyName,Apotheeknaam,Pharmacy name,Pharmacy name,Pharmacy name,REVIEW,profiles,"Untranslated or loanword clone (es=en, zh=en); human translation recommended"
profiles.field.postalCode,Postcode,Postal code,Postal code,Postal code,REVIEW,profiles,"Untranslated or loanword clone (es=en, zh=en); human translation recommended"
profiles.field.street,Straat,Street,Street,Street,REVIEW,profiles,"Untranslated or loanword clone (es=en, zh=en); human translation recommended"
profiles.field.vehicleOptional,Voertuig (optioneel),Vehicle (optional),Vehicle (optional),Vehicle (optional),REVIEW,profiles,"Untranslated or loanword clone (es=en, zh=en); human translation recommended"
profiles.unavailable.description,Log opnieuw in of voltooi je profiel.,Sign in again or complete your profile.,Sign in again or complete your profile.,Sign in again or complete your profile.,REVIEW,profiles,"Untranslated or loanword clone (es=en, zh=en); human translation recommended"
profiles.unavailable.title,Profiel niet beschikbaar,Profile not available,Profile not available,Profile not available,REVIEW,profiles,"Untranslated or loanword clone (es=en, zh=en); human translation recommended"
pwa.install.action,App installeren,Install app,Install app,Install app,REVIEW,pwa,"Untranslated or loanword clone (es=en, zh=en); human translation recommended"
pwa.install.message,Installeer de app voor snellere toegang.,Install the app for faster access.,Install the app for faster access.,Install the app for faster access.,REVIEW,pwa,"Untranslated or loanword clone (es=en, zh=en); human translation recommended"
pwa.offline.message,Je bent offline. Live gegevens en acties zijn tijdelijk niet beschikbaar.,You are offline. Live data and actions are temporarily unavailable.,You are offline. Live data and actions are temporarily unavailable.,You are offline. Live data and actions are temporarily unavailable.,REVIEW,pwa,"Untranslated or loanword clone (es=en, zh=en); human translation recommended"
pwa.online.restored,Verbinding hersteld. Gegevens worden bijgewerkt…,Connection restored. Updating data…,Connection restored. Updating data…,Connection restored. Updating data…,REVIEW,pwa,"Untranslated or loanword clone (es=en, zh=en); human translation recommended"
pwa.update.apply,Bijwerken,Update,Update,Update,REVIEW,pwa,"Untranslated or loanword clone (es=en, zh=en); human translation recommended"
pwa.update.available,Er is een nieuwe versie beschikbaar.,A new version is available.,A new version is available.,A new version is available.,REVIEW,pwa,"Untranslated or loanword clone (es=en, zh=en); human translation recommended"
pwa.update.later,Later,Later,Later,Later,REVIEW,pwa,Untranslated or loanword clone (nl=en); human translation recommended
realtime.connected,Live updates actief,Live updates active,Live updates active,Live updates active,REVIEW,realtime,"Untranslated or loanword clone (es=en, zh=en); human translation recommended"
realtime.connecting,Live updates verbinden…,Connecting live updates…,Connecting live updates…,Connecting live updates…,REVIEW,realtime,"Untranslated or loanword clone (es=en, zh=en); human translation recommended"
realtime.reconnecting,Opnieuw verbinden…,Reconnecting…,Reconnecting…,Reconnecting…,REVIEW,realtime,"Untranslated or loanword clone (es=en, zh=en); human translation recommended"
realtime.unavailable,Live updates tijdelijk niet beschikbaar,Live updates temporarily unavailable,Live updates temporarily unavailable,Live updates temporarily unavailable,REVIEW,realtime,"Untranslated or loanword clone (es=en, zh=en); human translation recommended"
routes.courier,Bezorger,Courier,Courier,Courier,REVIEW,routes,"Untranslated or loanword clone (es=en, zh=en); human translation recommended"
routes.generate.confirmRegenerate,Bevestig regenereren,Confirm regenerate,Confirm regenerate,Confirm regenerate,REVIEW,routes,"Untranslated or loanword clone (es=en, zh=en); human translation recommended"
routes.generate.existing.description,Er bestaat al een route voor deze bezorger en datum. Regenereren werkt de bestaande route bij (geen duplicaat).,A route already exists for this courier and date. Regenerating updates the existing route (no duplicate).,A route already exists for this courier and date. Regenerating updates the existing route (no duplicate).,A route already exists for this courier and date. Regenerating updates the existing route (no duplicate).,REVIEW,routes,"Untranslated or loanword clone (es=en, zh=en); human translation recommended"
routes.generate.existing.title,Bestaande route bijwerken?,Update existing route?,Update existing route?,Update existing route?,REVIEW,routes,"Untranslated or loanword clone (es=en, zh=en); human translation recommended"
routes.generate.failed,Genereren mislukt,Generation failed,Generation failed,Generation failed,REVIEW,routes,"Untranslated or loanword clone (es=en, zh=en); human translation recommended"
routes.generate.notRegenerable.description,Route met status {status} kan niet opnieuw gegenereerd worden.,A route with status {status} cannot be regenerated.,A route with status {status} cannot be regenerated.,A route with status {status} cannot be regenerated.,REVIEW,routes,"Untranslated or loanword clone (es=en, zh=en); human translation recommended"
routes.generate.notRegenerable.title,Route niet regenererbaar,Route cannot be regenerated,Route cannot be regenerated,Route cannot be regenerated,REVIEW,routes,"Untranslated or loanword clone (es=en, zh=en); human translation recommended"
routes.generate.regenerate,Opnieuw genereren,Regenerate,Regenerate,Regenerate,REVIEW,routes,"Untranslated or loanword clone (es=en, zh=en); human translation recommended"
routes.generate.submit,Genereer route,Generate route,Generate route,Generate route,REVIEW,routes,"Untranslated or loanword clone (es=en, zh=en); human translation recommended"
routes.generate.title,Route genereren,Generate route,Generate route,Generate route,REVIEW,routes,"Untranslated or loanword clone (es=en, zh=en); human translation recommended"
routes.generatedList.title,Gegenereerde routes — {date},Generated routes — {date},Generated routes — {date},Generated routes — {date},REVIEW,routes,"Untranslated or loanword clone (es=en, zh=en); human translation recommended"
routes.loadFailed,Kon routes niet laden,Could not load routes,Could not load routes,Could not load routes,REVIEW,routes,"Untranslated or loanword clone (es=en, zh=en); human translation recommended"
routes.location.basisStop,Gebaseerd op stop {sequence},Based on stop {sequence},Based on stop {sequence},Based on stop {sequence},REVIEW,routes,"Untranslated or loanword clone (es=en, zh=en); human translation recommended"
routes.location.courierLastLocation,Laatst geregistreerde locatie van de bezorger: {city},Courier's last recorded location: {city},Courier's last recorded location: {city},Courier's last recorded location: {city},REVIEW,routes,"Untranslated or loanword clone (es=en, zh=en); human translation recommended"
routes.location.historical,Historische locatie,Historical location,Historical location,Historical location,REVIEW,routes,"Untranslated or loanword clone (es=en, zh=en); human translation recommended"
routes.location.lastRecordedCity,Laatst geregistreerde stad,Last recorded city,Last recorded city,Last recorded city,REVIEW,routes,"Untranslated or loanword clone (es=en, zh=en); human translation recommended"
routes.location.lastRecordedRouteLocation,Laatst geregistreerde routelocatie,Last recorded route location,Last recorded route location,Last recorded route location,REVIEW,routes,"Untranslated or loanword clone (es=en, zh=en); human translation recommended"
routes.location.lastUpdated,Laatst bijgewerkt: {dateTime},Last updated: {dateTime},Last updated: {dateTime},Last updated: {dateTime},REVIEW,routes,"Untranslated or loanword clone (es=en, zh=en); human translation recommended"
routes.location.mayBeOutdated,Deze locatie kan verouderd zijn.,This location may be outdated.,This location may be outdated.,This location may be outdated.,REVIEW,routes,"Untranslated or loanword clone (es=en, zh=en); human translation recommended"
routes.location.nextStop,Volgende stop,Next stop,Next stop,Next stop,REVIEW,routes,"Untranslated or loanword clone (es=en, zh=en); human translation recommended"
routes.location.nextStopDetail,{sequence}. {name} — {city},{sequence}. {name} — {city},{sequence}. {name} — {city},{sequence}. {name} — {city},REVIEW,routes,"Untranslated or loanword clone (nl=en, es=en, zh=en); human translation recommended"
routes.location.noLaterStop,Er blijft geen latere bezorgstop over,No later delivery stop remains,No later delivery stop remains,No later delivery stop remains,REVIEW,routes,"Untranslated or loanword clone (es=en, zh=en); human translation recommended"
routes.location.noNextStopAvailable,Er is momenteel geen volgende stop beschikbaar,No next stop is currently available,No next stop is currently available,No next stop is currently available,REVIEW,routes,"Untranslated or loanword clone (es=en, zh=en); human translation recommended"
routes.location.noneYet,Er is nog geen bezorgerlocatie geregistreerd.,No courier location has been recorded yet.,No courier location has been recorded yet.,No courier location has been recorded yet.,REVIEW,routes,"Untranslated or loanword clone (es=en, zh=en); human translation recommended"
routes.location.notLiveGps,"Dit is de stad van de laatst geregistreerde stop van de bezorger, geen live GPS-tracking.","This is the city of the courier's latest recorded stop, not live GPS tracking.","This is the city of the courier's latest recorded stop, not live GPS tracking.","This is the city of the courier's latest recorded stop, not live GPS tracking.",REVIEW,routes,"Untranslated or loanword clone (es=en, zh=en); human translation recommended"
routes.location.recordedAtLabel,Laatst bijgewerkt,Last updated,Last updated,Last updated,REVIEW,routes,"Untranslated or loanword clone (es=en, zh=en); human translation recommended"
routes.location.source.arrival,Geregistreerd bij aankomst,Recorded on arrival,Recorded on arrival,Recorded on arrival,REVIEW,routes,"Untranslated or loanword clone (es=en, zh=en); human translation recommended"
routes.location.source.arrivalAtStop,Geregistreerd toen de bezorger aankwam bij stop {sequence},Recorded when the courier arrived at stop {sequence},Recorded when the courier arrived at stop {sequence},Recorded when the courier arrived at stop {sequence},REVIEW,routes,"Untranslated or loanword clone (es=en, zh=en); human translation recommended"
routes.location.source.delivery,Geregistreerd bij leveringsbevestiging,Recorded on delivery confirmation,Recorded on delivery confirmation,Recorded on delivery confirmation,REVIEW,routes,"Untranslated or loanword clone (es=en, zh=en); human translation recommended"
routes.location.source.deliveryAtStop,Geregistreerd toen levering werd bevestigd bij stop {sequence},Recorded when delivery was confirmed at stop {sequence},Recorded when delivery was confirmed at stop {sequence},Recorded when delivery was confirmed at stop {sequence},REVIEW,routes,"Untranslated or loanword clone (es=en, zh=en); human translation recommended"
routes.location.title,Voortgang bezorger,Courier progress,Courier progress,Courier progress,REVIEW,routes,"Untranslated or loanword clone (es=en, zh=en); human translation recommended"
routes.location.unavailable,Bezorgerlocatie kon niet worden geladen,Unable to load courier location,Unable to load courier location,Unable to load courier location,REVIEW,routes,"Untranslated or loanword clone (es=en, zh=en); human translation recommended"
routes.location.updatesAfterArrivalOrDelivery,De locatie wordt bijgewerkt nadat je aankomst registreert of levering bevestigt.,Location updates after you record arrival or confirm delivery.,Location updates after you record arrival or confirm delivery.,Location updates after you record arrival or confirm delivery.,REVIEW,routes,"Untranslated or loanword clone (es=en, zh=en); human translation recommended"
routes.location.yourDeliveryIsNext,Jouw levering is als volgende,Your delivery is next,Your delivery is next,Your delivery is next,REVIEW,routes,"Untranslated or loanword clone (es=en, zh=en); human translation recommended"
routes.location.yourLastRecordedLocation,Je laatst geregistreerde locatie,Your last recorded location,Your last recorded location,Your last recorded location,REVIEW,routes,"Untranslated or loanword clone (es=en, zh=en); human translation recommended"
routes.planning.description,Genereer dagelijkse bezorgroutes vanuit actieve routetemplates en beheer uitvoeringsstatus.,Generate daily delivery routes from active route templates and manage execution status.,Generate daily delivery routes from active route templates and manage execution status.,Generate daily delivery routes from active route templates and manage execution status.,REVIEW,routes,"Untranslated or loanword clone (es=en, zh=en); human translation recommended"
routes.planning.empty.description,Genereer een route vanuit een actieve template.,Generate a route from an active template.,Generate a route from an active template.,Generate a route from an active template.,REVIEW,routes,"Untranslated or loanword clone (es=en, zh=en); human translation recommended"
routes.planning.empty.title,Geen routes voor deze datum,No routes for this date,No routes for this date,No routes for this date,REVIEW,routes,"Untranslated or loanword clone (es=en, zh=en); human translation recommended"
routes.planning.title,Routeplanning,Route planning,Route planning,Route planning,REVIEW,routes,"Untranslated or loanword clone (es=en, zh=en); human translation recommended"
routes.skippedPharmacies,{count} overgeslagen apotheek | {count} overgeslagen apotheken,{count} skipped pharmacy | {count} skipped pharmacies,{count} skipped pharmacy | {count} skipped pharmacies,{count} skipped pharmacy | {count} skipped pharmacies,REVIEW,routes,"Untranslated or loanword clone (es=en, zh=en); human translation recommended"
routes.status.changeFailed,Statuswijziging mislukt,Status change failed,Status change failed,Status change failed,REVIEW,routes,"Untranslated or loanword clone (es=en, zh=en); human translation recommended"
routes.status.complete,Voltooien,Complete,Complete,Complete,REVIEW,routes,"Untranslated or loanword clone (es=en, zh=en); human translation recommended"
routes.status.confirmCancel,Bevestig annulering van deze route. Bestellingen en voorraad blijven ongewijzigd.,Confirm cancellation of this route. Orders and stock remain unchanged.,Confirm cancellation of this route. Orders and stock remain unchanged.,Confirm cancellation of this route. Orders and stock remain unchanged.,REVIEW,routes,"Untranslated or loanword clone (es=en, zh=en); human translation recommended"
routes.status.confirmComplete,Bevestig dat deze route voltooid is. Bestellingen worden niet automatisch als geleverd gemarkeerd.,Confirm that this route is completed. Orders are not automatically marked as delivered.,Confirm that this route is completed. Orders are not automatically marked as delivered.,Confirm that this route is completed. Orders are not automatically marked as delivered.,REVIEW,routes,"Untranslated or loanword clone (es=en, zh=en); human translation recommended"
routes.status.confirmStart,Bevestig dat deze route gestart wordt.,Confirm that this route is being started.,Confirm that this route is being started.,Confirm that this route is being started.,REVIEW,routes,"Untranslated or loanword clone (es=en, zh=en); human translation recommended"
routes.status.confirmTitle,Route {action},Route {action},Route {action},Route {action},REVIEW,routes,"Untranslated or loanword clone (nl=en, es=en, zh=en); human translation recommended"
routes.status.reasonOptional,Reden (optioneel),Reason (optional),Reason (optional),Reason (optional),REVIEW,routes,"Untranslated or loanword clone (es=en, zh=en); human translation recommended"
routes.status.reasonPlaceholder,Bijv. bezorger niet beschikbaar,E.g. courier unavailable,E.g. courier unavailable,E.g. courier unavailable,REVIEW,routes,"Untranslated or loanword clone (es=en, zh=en); human translation recommended"
routes.statusHistory,Statusgeschiedenis,Status history,Status history,Status history,REVIEW,routes,"Untranslated or loanword clone (es=en, zh=en); human translation recommended"
routes.statusHistory.entry,{before} → {after} · {date},{before} → {after} · {date},{before} → {after} · {date},{before} → {after} · {date},REVIEW,routes,"Untranslated or loanword clone (nl=en, es=en, zh=en); human translation recommended"
routes.statusHistory.entryWithReason,{before} → {after} · {date} ({reason}),{before} → {after} · {date} ({reason}),{before} → {after} · {date} ({reason}),{before} → {after} · {date} ({reason}),REVIEW,routes,"Untranslated or loanword clone (nl=en, es=en, zh=en); human translation recommended"
routes.stop.doses,{count} dosis | {count} dosissen,{count} dose | {count} doses,{count} dose | {count} doses,{count} dose | {count} doses,REVIEW,routes,"Untranslated or loanword clone (es=en, zh=en); human translation recommended"
routes.stop.empty.description,Geen kwalificerende bestellingen voor de template-stops. Overgeslagen apotheken staan in de auditlijst.,No qualifying orders for the template stops. Skipped pharmacies are listed in the audit list.,No qualifying orders for the template stops. Skipped pharmacies are listed in the audit list.,No qualifying orders for the template stops. Skipped pharmacies are listed in the audit list.,REVIEW,routes,"Untranslated or loanword clone (es=en, zh=en); human translation recommended"
routes.stop.empty.title,Lege route,Empty route,Empty route,Empty route,REVIEW,routes,"Untranslated or loanword clone (es=en, zh=en); human translation recommended"
routes.stop.orders,{count} bestelling | {count} bestellingen,{count} order | {count} orders,{count} order | {count} orders,{count} order | {count} orders,REVIEW,routes,"Untranslated or loanword clone (es=en, zh=en); human translation recommended"
routes.stop.summary,{orders} · {doses},{orders} · {doses},{orders} · {doses},{orders} · {doses},REVIEW,routes,"Untranslated or loanword clone (nl=en, es=en, zh=en); human translation recommended"
routes.template.active,Actieve template,Active template,Active template,Active template,REVIEW,routes,"Untranslated or loanword clone (es=en, zh=en); human translation recommended"
routes.template.placeholder,Kies een template,Choose a template,Choose a template,Choose a template,REVIEW,routes,"Untranslated or loanword clone (es=en, zh=en); human translation recommended"
routes.templates.courierPlaceholder,Kies een bezorger,Choose a courier,Choose a courier,Choose a courier,REVIEW,routes,"Untranslated or loanword clone (es=en, zh=en); human translation recommended"
routes.templates.create,Nieuwe template,New template,New template,New template,REVIEW,routes,"Untranslated or loanword clone (es=en, zh=en); human translation recommended"
routes.templates.createTitle,Nieuwe routetemplate,New route template,New route template,New route template,REVIEW,routes,"Untranslated or loanword clone (es=en, zh=en); human translation recommended"
routes.templates.editTitle,Routetemplate bewerken,Edit route template,Edit route template,Edit route template,REVIEW,routes,"Untranslated or loanword clone (es=en, zh=en); human translation recommended"
routes.templates.empty.description,Maak een template met een bezorger en geordende apotheekstops.,Create a template with a courier and ordered pharmacy stops.,Create a template with a courier and ordered pharmacy stops.,Create a template with a courier and ordered pharmacy stops.,REVIEW,routes,"Untranslated or loanword clone (es=en, zh=en); human translation recommended"
routes.templates.empty.title,Geen routetemplates,No route templates,No route templates,No route templates,REVIEW,routes,"Untranslated or loanword clone (es=en, zh=en); human translation recommended"
routes.templates.filter.activeOnly,Alleen actief,Active only,Active only,Active only,REVIEW,routes,"Untranslated or loanword clone (es=en, zh=en); human translation recommended"
routes.templates.filter.includeInactive,Incl. inactief,Incl. inactive,Incl. inactive,Incl. inactive,REVIEW,routes,"Untranslated or loanword clone (es=en, zh=en); human translation recommended"
routes.templates.loadFailed,Routetemplates laden mislukt,Failed to load route templates,Failed to load route templates,Failed to load route templates,REVIEW,routes,"Untranslated or loanword clone (es=en, zh=en); human translation recommended"
routes.templates.moveDown,Omlaag,Move down,Move down,Move down,REVIEW,routes,"Untranslated or loanword clone (es=en, zh=en); human translation recommended"
routes.templates.moveUp,Omhoog,Move up,Move up,Move up,REVIEW,routes,"Untranslated or loanword clone (es=en, zh=en); human translation recommended"
routes.templates.pharmacyPlaceholder,Kies een apotheek,Choose a pharmacy,Choose a pharmacy,Choose a pharmacy,REVIEW,routes,"Untranslated or loanword clone (es=en, zh=en); human translation recommended"
routes.templates.stops,Stops,Stops,Stops,Stops,REVIEW,routes,Untranslated or loanword clone (nl=en); human translation recommended
routes.templates.stops.empty.description,Voeg minstens één apotheek toe en orden met omhoog/omlaag.,Add at least one pharmacy and order with up/down.,Add at least one pharmacy and order with up/down.,Add at least one pharmacy and order with up/down.,REVIEW,routes,"Untranslated or loanword clone (es=en, zh=en); human translation recommended"
routes.templates.stops.empty.title,Nog geen stops,No stops yet,No stops yet,No stops yet,REVIEW,routes,"Untranslated or loanword clone (es=en, zh=en); human translation recommended"
routes.templates.stops.label,Apotheekstops,Pharmacy stops,Pharmacy stops,Pharmacy stops,REVIEW,routes,"Untranslated or loanword clone (es=en, zh=en); human translation recommended"
routes.templates.title,Routetemplates,Route templates,Route templates,Route templates,REVIEW,routes,"Untranslated or loanword clone (es=en, zh=en); human translation recommended"
routeVoiceReports.adminTitle,Live routerapporten,Live route reports,Live route reports,Live route reports,REVIEW,routeVoiceReports,"Untranslated or loanword clone (es=en, zh=en); human translation recommended"
routeVoiceReports.availableWhenStarted,Spraakrapporten worden beschikbaar zodra de route is gestart.,Voice reports become available once the route is started.,Voice reports become available once the route is started.,Voice reports become available once the route is started.,REVIEW,routeVoiceReports,"Untranslated or loanword clone (es=en, zh=en); human translation recommended"
routeVoiceReports.description,"Neem een spraakrapport op voor vertragingen, incidenten of operationele problemen.","Record a voice report for delays, incidents or operational issues.","Record a voice report for delays, incidents or operational issues.","Record a voice report for delays, incidents or operational issues.",REVIEW,routeVoiceReports,"Untranslated or loanword clone (es=en, zh=en); human translation recommended"
routeVoiceReports.empty.description,Spraakrapporten voor deze route verschijnen hier na upload.,Voice reports for this route will appear here after upload.,Voice reports for this route will appear here after upload.,Voice reports for this route will appear here after upload.,REVIEW,routeVoiceReports,"Untranslated or loanword clone (es=en, zh=en); human translation recommended"
routeVoiceReports.empty.title,Nog geen routerapporten,No route reports yet,No route reports yet,No route reports yet,REVIEW,routeVoiceReports,"Untranslated or loanword clone (es=en, zh=en); human translation recommended"
routeVoiceReports.error.audioTooLarge,Audiobestand is te groot,Audio file is too large,Audio file is too large,Audio file is too large,REVIEW,routeVoiceReports,"Untranslated or loanword clone (es=en, zh=en); human translation recommended"
routeVoiceReports.error.forbidden,Je hebt geen toegang tot dit spraakrapport,You do not have access to this voice report,You do not have access to this voice report,You do not have access to this voice report,REVIEW,routeVoiceReports,"Untranslated or loanword clone (es=en, zh=en); human translation recommended"
routeVoiceReports.error.invalidAudio,Ongeldige audio,Invalid audio,Invalid audio,Invalid audio,REVIEW,routeVoiceReports,"Untranslated or loanword clone (es=en, zh=en); human translation recommended"
routeVoiceReports.error.limitReached,Rapportlimiet bereikt,Report limit reached,Report limit reached,Report limit reached,REVIEW,routeVoiceReports,"Untranslated or loanword clone (es=en, zh=en); human translation recommended"
routeVoiceReports.error.playbackUnavailable,Opname laden mislukt,Unable to load recording,Unable to load recording,Unable to load recording,REVIEW,routeVoiceReports,"Untranslated or loanword clone (es=en, zh=en); human translation recommended"
routeVoiceReports.error.recordingTooShort,Opname te kort,Recording too short,Recording too short,Recording too short,REVIEW,routeVoiceReports,"Untranslated or loanword clone (es=en, zh=en); human translation recommended"
routeVoiceReports.error.retryNotAllowed,Transcriptie opnieuw starten is niet toegestaan,Transcription retry is not allowed,Transcription retry is not allowed,Transcription retry is not allowed,REVIEW,routeVoiceReports,"Untranslated or loanword clone (es=en, zh=en); human translation recommended"
routeVoiceReports.error.routeNotActive,Route is niet meer actief,Route is no longer active,Route is no longer active,Route is no longer active,REVIEW,routeVoiceReports,"Untranslated or loanword clone (es=en, zh=en); human translation recommended"
routeVoiceReports.error.storageFailed,Opname opslaan mislukt,Unable to store recording,Unable to store recording,Unable to store recording,REVIEW,routeVoiceReports,"Untranslated or loanword clone (es=en, zh=en); human translation recommended"
routeVoiceReports.error.unsupportedFormat,Niet-ondersteund audioformaat,Unsupported audio format,Unsupported audio format,Unsupported audio format,REVIEW,routeVoiceReports,"Untranslated or loanword clone (es=en, zh=en); human translation recommended"
routeVoiceReports.error.uploadFailed,Rapport uploaden mislukt,Unable to upload report,Unable to upload report,Unable to upload report,REVIEW,routeVoiceReports,"Untranslated or loanword clone (es=en, zh=en); human translation recommended"
routeVoiceReports.language.automatic,Automatisch,Automatic,Automatic,Automatic,REVIEW,routeVoiceReports,"Untranslated or loanword clone (es=en, zh=en); human translation recommended"
routeVoiceReports.language.english,Engels,English,English,English,REVIEW,routeVoiceReports,"Untranslated or loanword clone (es=en, zh=en); human translation recommended"
routeVoiceReports.language.polish,Pools,Polish,Polish,Polish,REVIEW,routeVoiceReports,"Untranslated or loanword clone (es=en, zh=en); human translation recommended"
routeVoiceReports.loadFailed,Routerapporten laden mislukt,Unable to load route reports,Unable to load route reports,Unable to load route reports,REVIEW,routeVoiceReports,"Untranslated or loanword clone (es=en, zh=en); human translation recommended"
routeVoiceReports.playback.load,Opname laden,Load recording,Load recording,Load recording,REVIEW,routeVoiceReports,"Untranslated or loanword clone (es=en, zh=en); human translation recommended"
routeVoiceReports.playback.loadAria,Opname laden voor rapport {number},Load recording for report {number},Load recording for report {number},Load recording for report {number},REVIEW,routeVoiceReports,"Untranslated or loanword clone (es=en, zh=en); human translation recommended"
routeVoiceReports.playback.loading,Opname laden,Loading recording,Loading recording,Loading recording,REVIEW,routeVoiceReports,"Untranslated or loanword clone (es=en, zh=en); human translation recommended"
routeVoiceReports.playback.play,Opname afspelen,Play recording,Play recording,Play recording,REVIEW,routeVoiceReports,"Untranslated or loanword clone (es=en, zh=en); human translation recommended"
routeVoiceReports.playback.playAria,Opname afspelen voor rapport {number},Play recording for report {number},Play recording for report {number},Play recording for report {number},REVIEW,routeVoiceReports,"Untranslated or loanword clone (es=en, zh=en); human translation recommended"
routeVoiceReports.preview.duration,Duur,Duration,Duration,Duration,REVIEW,routeVoiceReports,"Untranslated or loanword clone (es=en, zh=en); human translation recommended"
routeVoiceReports.preview.fileSize,Bestandsgrootte,File size,File size,File size,REVIEW,routeVoiceReports,"Untranslated or loanword clone (es=en, zh=en); human translation recommended"
routeVoiceReports.preview.fileSizeValue,{size} {unit},{size} {unit},{size} {unit},{size} {unit},REVIEW,routeVoiceReports,"Untranslated or loanword clone (nl=en, es=en, zh=en); human translation recommended"
routeVoiceReports.preview.language,Taal,Language,Language,Language,REVIEW,routeVoiceReports,"Untranslated or loanword clone (es=en, zh=en); human translation recommended"
routeVoiceReports.preview.title,Opnamevoorbeeld,Recording preview,Recording preview,Recording preview,REVIEW,routeVoiceReports,"Untranslated or loanword clone (es=en, zh=en); human translation recommended"
routeVoiceReports.privacy.notice,Neem alleen informatie op die relevant is voor deze bezorgronde. Voeg geen onnodige patiënt- of persoonsgegevens toe.,Record only information relevant to this delivery route. Do not include unnecessary patient or personal information.,Record only information relevant to this delivery route. Do not include unnecessary patient or personal information.,Record only information relevant to this delivery route. Do not include unnecessary patient or personal information.,REVIEW,routeVoiceReports,"Untranslated or loanword clone (es=en, zh=en); human translation recommended"
routeVoiceReports.recording.cancel,Opname annuleren,Cancel recording,Cancel recording,Cancel recording,REVIEW,routeVoiceReports,"Untranslated or loanword clone (es=en, zh=en); human translation recommended"
routeVoiceReports.recording.maxDurationReached,Maximale duur bereikt,Maximum duration reached,Maximum duration reached,Maximum duration reached,REVIEW,routeVoiceReports,"Untranslated or loanword clone (es=en, zh=en); human translation recommended"
routeVoiceReports.recording.microphoneUnavailable,Microfoon niet beschikbaar,Microphone unavailable,Microphone unavailable,Microphone unavailable,REVIEW,routeVoiceReports,"Untranslated or loanword clone (es=en, zh=en); human translation recommended"
routeVoiceReports.recording.paused,Gepauzeerd,Paused,Paused,Paused,REVIEW,routeVoiceReports,"Untranslated or loanword clone (es=en, zh=en); human translation recommended"
routeVoiceReports.recording.permissionDenied,Microfoontoestemming geweigerd,Microphone permission denied,Microphone permission denied,Microphone permission denied,REVIEW,routeVoiceReports,"Untranslated or loanword clone (es=en, zh=en); human translation recommended"
routeVoiceReports.recording.recording,Opnemen,Recording,Recording,Recording,REVIEW,routeVoiceReports,"Untranslated or loanword clone (es=en, zh=en); human translation recommended"
routeVoiceReports.recording.requestingPermission,Microfoontoegang vragen…,Requesting microphone access…,Requesting microphone access…,Requesting microphone access…,REVIEW,routeVoiceReports,"Untranslated or loanword clone (es=en, zh=en); human translation recommended"
routeVoiceReports.recording.requiresInternet,Spraakrapporten vereisen een internetverbinding.,Voice reports require an internet connection.,Voice reports require an internet connection.,Voice reports require an internet connection.,REVIEW,routeVoiceReports,"Untranslated or loanword clone (es=en, zh=en); human translation recommended"
routeVoiceReports.recording.resume,Hervatten,Resume,Resume,Resume,REVIEW,routeVoiceReports,"Untranslated or loanword clone (es=en, zh=en); human translation recommended"
routeVoiceReports.recording.start,Opname starten,Start recording,Start recording,Start recording,REVIEW,routeVoiceReports,"Untranslated or loanword clone (es=en, zh=en); human translation recommended"
routeVoiceReports.recording.stop,Opname stoppen,Stop recording,Stop recording,Stop recording,REVIEW,routeVoiceReports,"Untranslated or loanword clone (es=en, zh=en); human translation recommended"
routeVoiceReports.recording.tooShort,Opname te kort,Recording too short,Recording too short,Recording too short,REVIEW,routeVoiceReports,"Untranslated or loanword clone (es=en, zh=en); human translation recommended"
routeVoiceReports.recording.unsavedWillBeLost,Niet-opgeslagen opname gaat verloren bij vertrekken,Unsaved recording will be lost when leaving,Unsaved recording will be lost when leaving,Unsaved recording will be lost when leaving,REVIEW,routeVoiceReports,"Untranslated or loanword clone (es=en, zh=en); human translation recommended"
routeVoiceReports.recording.unsupportedBrowser,Browser ondersteunt geen audio-opname,Browser does not support audio recording,Browser does not support audio recording,Browser does not support audio recording,REVIEW,routeVoiceReports,"Untranslated or loanword clone (es=en, zh=en); human translation recommended"
routeVoiceReports.reportNumber,Rapport {number},Report {number},Report {number},Report {number},REVIEW,routeVoiceReports,"Untranslated or loanword clone (es=en, zh=en); human translation recommended"
routeVoiceReports.transcription.audioStillAvailable,Originele opname blijft beschikbaar,Original recording remains available,Original recording remains available,Original recording remains available,REVIEW,routeVoiceReports,"Untranslated or loanword clone (es=en, zh=en); human translation recommended"
routeVoiceReports.transcription.completed,Transcriptie voltooid,Transcription completed,Transcription completed,Transcription completed,REVIEW,routeVoiceReports,"Untranslated or loanword clone (es=en, zh=en); human translation recommended"
routeVoiceReports.transcription.confidenceValue,Betrouwbaarheid: {value}%,Confidence: {value}%,Confidence: {value}%,Confidence: {value}%,REVIEW,routeVoiceReports,"Untranslated or loanword clone (es=en, zh=en); human translation recommended"
routeVoiceReports.transcription.detectedLanguage,Gedetecteerde taal,Detected language,Detected language,Detected language,REVIEW,routeVoiceReports,"Untranslated or loanword clone (es=en, zh=en); human translation recommended"
routeVoiceReports.transcription.failed,Transcriptie mislukt,Transcription failed,Transcription failed,Transcription failed,REVIEW,routeVoiceReports,"Untranslated or loanword clone (es=en, zh=en); human translation recommended"
routeVoiceReports.transcription.machineGenerated,Door machine gegenereerd transcript,Machine-generated transcript,Machine-generated transcript,Machine-generated transcript,REVIEW,routeVoiceReports,"Untranslated or loanword clone (es=en, zh=en); human translation recommended"
routeVoiceReports.transcription.noSpeech,Geen spraak herkend,No speech recognised,No speech recognised,No speech recognised,REVIEW,routeVoiceReports,"Untranslated or loanword clone (es=en, zh=en); human translation recommended"
routeVoiceReports.transcription.pending,In wachtrij,Queued,Queued,Queued,REVIEW,routeVoiceReports,"Untranslated or loanword clone (es=en, zh=en); human translation recommended"
routeVoiceReports.transcription.processing,Bezig met transcriberen…,Transcribing…,Transcribing…,Transcribing…,REVIEW,routeVoiceReports,"Untranslated or loanword clone (es=en, zh=en); human translation recommended"
routeVoiceReports.transcription.providerThrottled,Transcriptie tijdelijk beperkt,Transcription temporarily limited,Transcription temporarily limited,Transcription temporarily limited,REVIEW,routeVoiceReports,"Untranslated or loanword clone (es=en, zh=en); human translation recommended"
routeVoiceReports.transcription.providerTimeout,Transcriptie time-out,Transcription timed out,Transcription timed out,Transcription timed out,REVIEW,routeVoiceReports,"Untranslated or loanword clone (es=en, zh=en); human translation recommended"
routeVoiceReports.transcription.requestedLanguage,Gevraagde taal,Requested language,Requested language,Requested language,REVIEW,routeVoiceReports,"Untranslated or loanword clone (es=en, zh=en); human translation recommended"
routeVoiceReports.transcription.retry,Transcriptie opnieuw proberen,Retry transcription,Retry transcription,Retry transcription,REVIEW,routeVoiceReports,"Untranslated or loanword clone (es=en, zh=en); human translation recommended"
routeVoiceReports.transcription.retryAria,Transcriptie opnieuw proberen voor rapport {number},Retry transcription for report {number},Retry transcription for report {number},Retry transcription for report {number},REVIEW,routeVoiceReports,"Untranslated or loanword clone (es=en, zh=en); human translation recommended"
routeVoiceReports.transcription.retrying,Transcriptie opnieuw starten,Retrying transcription,Retrying transcription,Retrying transcription,REVIEW,routeVoiceReports,"Untranslated or loanword clone (es=en, zh=en); human translation recommended"
routeVoiceReports.transcription.transcript,Transcript,Transcript,Transcript,Transcript,REVIEW,routeVoiceReports,"Untranslated or loanword clone (nl=en, es=en, zh=en); human translation recommended"
routeVoiceReports.transcription.unavailable,Transcriptieservice niet beschikbaar,Transcription service unavailable,Transcription service unavailable,Transcription service unavailable,REVIEW,routeVoiceReports,"Untranslated or loanword clone (es=en, zh=en); human translation recommended"
routeVoiceReports.unavailableOffline,Rapporten zijn offline niet beschikbaar,Reports are unavailable offline,Reports are unavailable offline,Reports are unavailable offline,REVIEW,routeVoiceReports,"Untranslated or loanword clone (es=en, zh=en); human translation recommended"
routeVoiceReports.upload.discard,Opname verwerpen,Discard recording,Discard recording,Discard recording,REVIEW,routeVoiceReports,"Untranslated or loanword clone (es=en, zh=en); human translation recommended"
routeVoiceReports.upload.retry,Upload opnieuw proberen,Retry upload,Retry upload,Retry upload,REVIEW,routeVoiceReports,"Untranslated or loanword clone (es=en, zh=en); human translation recommended"
routeVoiceReports.upload.success,Rapport geüpload,Report uploaded,Report uploaded,Report uploaded,REVIEW,routeVoiceReports,"Untranslated or loanword clone (es=en, zh=en); human translation recommended"
routeVoiceReports.upload.upload,Rapport uploaden,Upload report,Upload report,Upload report,REVIEW,routeVoiceReports,"Untranslated or loanword clone (es=en, zh=en); human translation recommended"
routeVoiceReports.upload.uploading,Rapport uploaden,Uploading report,Uploading report,Uploading report,REVIEW,routeVoiceReports,"Untranslated or loanword clone (es=en, zh=en); human translation recommended"
routeVoiceReports.uploadedAt,Geüpload,Uploaded,Uploaded,Uploaded,REVIEW,routeVoiceReports,"Untranslated or loanword clone (es=en, zh=en); human translation recommended"
routeVoiceReports.voiceReport,Spraakrapport,Voice report,Voice report,Voice report,REVIEW,routeVoiceReports,"Untranslated or loanword clone (es=en, zh=en); human translation recommended"
settings.dailyDoseCap,Dagmaximum per vaccintype (dosissen),Daily maximum per vaccine type (doses),Daily maximum per vaccine type (doses),Daily maximum per vaccine type (doses),REVIEW,settings,"Untranslated or loanword clone (es=en, zh=en); human translation recommended"
settings.loadFailed,Instellingen laden mislukt,Failed to load settings,Failed to load settings,Failed to load settings,REVIEW,settings,"Untranslated or loanword clone (es=en, zh=en); human translation recommended"
settings.orderingClosingTime,Sluitingstijd bestellingen,Order closing time,Order closing time,Order closing time,REVIEW,settings,"Untranslated or loanword clone (es=en, zh=en); human translation recommended"
settings.timezone,Tijdzone,Timezone,Timezone,Timezone,REVIEW,settings,"Untranslated or loanword clone (es=en, zh=en); human translation recommended"
settings.timezone.note,De tijdzone is vastgelegd op Europe/Brussels voor deze fase.,The timezone is fixed to Europe/Brussels for this phase.,The timezone is fixed to Europe/Brussels for this phase.,The timezone is fixed to Europe/Brussels for this phase.,REVIEW,settings,"Untranslated or loanword clone (es=en, zh=en); human translation recommended"
settings.title,Applicatie-instellingen,Application settings,Application settings,Application settings,REVIEW,settings,"Untranslated or loanword clone (es=en, zh=en); human translation recommended"
settings.weeklyDoseCap,Weekmaximum (dosissen),Weekly maximum (doses),Weekly maximum (doses),Weekly maximum (doses),REVIEW,settings,"Untranslated or loanword clone (es=en, zh=en); human translation recommended"
settings.weeklyWarningPercentage,Wekelijkse waarschuwingsdrempel (%),Weekly warning threshold (%),Weekly warning threshold (%),Weekly warning threshold (%),REVIEW,settings,"Untranslated or loanword clone (es=en, zh=en); human translation recommended"
status.active,Actief,Active,Active,Active,REVIEW,status,"Untranslated or loanword clone (es=en, zh=en); human translation recommended"
status.available,Beschikbaar,Available,Available,Available,REVIEW,status,"Untranslated or loanword clone (es=en, zh=en); human translation recommended"
status.inactive,Inactief,Inactive,Inactive,Inactive,REVIEW,status,"Untranslated or loanword clone (es=en, zh=en); human translation recommended"
status.notification.unread,Ongelezen,Unread,Unread,Unread,REVIEW,status,"Untranslated or loanword clone (es=en, zh=en); human translation recommended"
status.operations.lowStock,Lage voorraad,Low stock,Low stock,Low stock,REVIEW,status,"Untranslated or loanword clone (es=en, zh=en); human translation recommended"
status.operations.newOrder,Nieuwe bestelling,New order,New order,New order,REVIEW,status,"Untranslated or loanword clone (es=en, zh=en); human translation recommended"
status.operations.orderStatusChanged,Bestelstatus gewijzigd,Order status changed,Order status changed,Order status changed,REVIEW,status,"Untranslated or loanword clone (es=en, zh=en); human translation recommended"
status.order.cancelled,Geannuleerd,Cancelled,Cancelled,Cancelled,REVIEW,status,"Untranslated or loanword clone (es=en, zh=en); human translation recommended"
status.order.delivered,Geleverd,Delivered,Delivered,Delivered,REVIEW,status,"Untranslated or loanword clone (es=en, zh=en); human translation recommended"
status.order.pending,In behandeling,In progress,In progress,In progress,REVIEW,status,"Untranslated or loanword clone (es=en, zh=en); human translation recommended"
status.order.planned,Gepland,Planned,Planned,Planned,REVIEW,status,"Untranslated or loanword clone (es=en, zh=en); human translation recommended"
status.role.admin,Administrator,Administrator,Administrator,Administrator,REVIEW,status,"Untranslated or loanword clone (nl=en, es=en, zh=en); human translation recommended"
status.role.apotheker,Apotheker,Pharmacist,Pharmacist,Pharmacist,REVIEW,status,"Untranslated or loanword clone (es=en, zh=en); human translation recommended"
status.role.bezorger,Bezorger,Courier,Courier,Courier,REVIEW,status,"Untranslated or loanword clone (es=en, zh=en); human translation recommended"
status.route.assigned,Toegewezen,Assigned,Assigned,Assigned,REVIEW,status,"Untranslated or loanword clone (es=en, zh=en); human translation recommended"
status.route.cancelled,Geannuleerd,Cancelled,Cancelled,Cancelled,REVIEW,status,"Untranslated or loanword clone (es=en, zh=en); human translation recommended"
status.route.completed,Voltooid,Completed,Completed,Completed,REVIEW,status,"Untranslated or loanword clone (es=en, zh=en); human translation recommended"
status.route.inProgress,Bezig,In progress,In progress,In progress,REVIEW,status,"Untranslated or loanword clone (es=en, zh=en); human translation recommended"
success.order.placed,Bestelling geplaatst. Leverdatum: {date}.,Order placed. Delivery date: {date}.,Order placed. Delivery date: {date}.,Order placed. Delivery date: {date}.,REVIEW,success,"Untranslated or loanword clone (es=en, zh=en); human translation recommended"
success.profile.apotheker.updated,Apotheekprofiel succesvol bijgewerkt.,Pharmacy profile updated successfully.,Pharmacy profile updated successfully.,Pharmacy profile updated successfully.,REVIEW,success,"Untranslated or loanword clone (es=en, zh=en); human translation recommended"
success.profile.bezorger.updated,Bezorgerprofiel succesvol bijgewerkt.,Courier profile updated successfully.,Courier profile updated successfully.,Courier profile updated successfully.,REVIEW,success,"Untranslated or loanword clone (es=en, zh=en); human translation recommended"
success.profile.updated,Profiel succesvol bijgewerkt.,Profile updated successfully.,Profile updated successfully.,Profile updated successfully.,REVIEW,success,"Untranslated or loanword clone (es=en, zh=en); human translation recommended"
success.routes.generatedEmpty,Route gegenereerd zonder stops (geen kwalificerende bestellingen).,Route generated with no stops (no qualifying orders).,Route generated with no stops (no qualifying orders).,Route generated with no stops (no qualifying orders).,REVIEW,success,"Untranslated or loanword clone (es=en, zh=en); human translation recommended"
success.routes.generatedStops,Route gegenereerd met {count} stop | Route gegenereerd met {count} stops,Route generated with {count} stop | Route generated with {count} stops,Route generated with {count} stop | Route generated with {count} stops,Route generated with {count} stop | Route generated with {count} stops,REVIEW,success,"Untranslated or loanword clone (es=en, zh=en); human translation recommended"
success.routes.statusUpdated,Routestatus bijgewerkt naar {status}.,Route status updated to {status}.,Route status updated to {status}.,Route status updated to {status}.,REVIEW,success,"Untranslated or loanword clone (es=en, zh=en); human translation recommended"
success.routes.template.activated,Routetemplate geactiveerd.,Route template activated.,Route template activated.,Route template activated.,REVIEW,success,"Untranslated or loanword clone (es=en, zh=en); human translation recommended"
success.routes.template.activatedWithDeactivation,Routetemplate geactiveerd. De vorige actieve template voor deze bezorger is gedeactiveerd.,Route template activated. The previous active template for this courier was deactivated.,Route template activated. The previous active template for this courier was deactivated.,Route template activated. The previous active template for this courier was deactivated.,REVIEW,success,"Untranslated or loanword clone (es=en, zh=en); human translation recommended"
success.routes.template.created,Routetemplate aangemaakt.,Route template created.,Route template created.,Route template created.,REVIEW,success,"Untranslated or loanword clone (es=en, zh=en); human translation recommended"
success.routes.template.createdWithDeactivation,Routetemplate aangemaakt. De vorige actieve template voor deze bezorger is gedeactiveerd.,Route template created. The previous active template for this courier was deactivated.,Route template created. The previous active template for this courier was deactivated.,Route template created. The previous active template for this courier was deactivated.,REVIEW,success,"Untranslated or loanword clone (es=en, zh=en); human translation recommended"
success.routes.template.deactivated,Routetemplate gedeactiveerd.,Route template deactivated.,Route template deactivated.,Route template deactivated.,REVIEW,success,"Untranslated or loanword clone (es=en, zh=en); human translation recommended"
success.routes.template.updated,Routetemplate bijgewerkt.,Route template updated.,Route template updated.,Route template updated.,REVIEW,success,"Untranslated or loanword clone (es=en, zh=en); human translation recommended"
success.routes.template.updatedWithDeactivation,Routetemplate bijgewerkt. De vorige actieve template voor deze bezorger is gedeactiveerd.,Route template updated. The previous active template for this courier was deactivated.,Route template updated. The previous active template for this courier was deactivated.,Route template updated. The previous active template for this courier was deactivated.,REVIEW,success,"Untranslated or loanword clone (es=en, zh=en); human translation recommended"
success.settings.saved,Instellingen succesvol opgeslagen.,Settings saved successfully.,Settings saved successfully.,Settings saved successfully.,REVIEW,success,"Untranslated or loanword clone (es=en, zh=en); human translation recommended"
success.stock.updated,Voorraad bijgewerkt: {before} → {after}.,Stock updated: {before} → {after}.,Stock updated: {before} → {after}.,Stock updated: {before} → {after}.,REVIEW,success,"Untranslated or loanword clone (es=en, zh=en); human translation recommended"
success.vaccines.created,Vaccin aangemaakt.,Vaccine created.,Vaccine created.,Vaccine created.,REVIEW,success,"Untranslated or loanword clone (es=en, zh=en); human translation recommended"
success.vaccines.updated,Vaccin bijgewerkt.,Vaccine updated.,Vaccine updated.,Vaccine updated.,REVIEW,success,"Untranslated or loanword clone (es=en, zh=en); human translation recommended"
vaccines.availableStock,Beschikbare voorraad,Available stock,Available stock,Available stock,REVIEW,vaccines,"Untranslated or loanword clone (es=en, zh=en); human translation recommended"
vaccines.create,Nieuw vaccin,New vaccine,New vaccine,New vaccine,REVIEW,vaccines,"Untranslated or loanword clone (es=en, zh=en); human translation recommended"
vaccines.createTitle,Nieuw vaccin,New vaccine,New vaccine,New vaccine,REVIEW,vaccines,"Untranslated or loanword clone (es=en, zh=en); human translation recommended"
vaccines.editTitle,Vaccin bewerken,Edit vaccine,Edit vaccine,Edit vaccine,REVIEW,vaccines,"Untranslated or loanword clone (es=en, zh=en); human translation recommended"
vaccines.empty.description,Maak het eerste vaccin aan om de catalogus te starten.,Create the first vaccine to start the catalogue.,Create the first vaccine to start the catalogue.,Create the first vaccine to start the catalogue.,REVIEW,vaccines,"Untranslated or loanword clone (es=en, zh=en); human translation recommended"
vaccines.empty.title,Geen vaccins,No vaccines,No vaccines,No vaccines,REVIEW,vaccines,"Untranslated or loanword clone (es=en, zh=en); human translation recommended"
vaccines.image.aiCaption,Bijschrift,Caption,Caption,Caption,REVIEW,vaccines,"Untranslated or loanword clone (es=en, zh=en); human translation recommended"
vaccines.image.aiConfidence,Betrouwbaarheid,Confidence,Confidence,Confidence,REVIEW,vaccines,"Untranslated or loanword clone (es=en, zh=en); human translation recommended"
vaccines.image.aiReason,Analyseredenering,Analysis reason,Analysis reason,Analysis reason,REVIEW,vaccines,"Untranslated or loanword clone (es=en, zh=en); human translation recommended"
vaccines.image.aiTags,Tags,Tags,Tags,Tags,REVIEW,vaccines,Untranslated or loanword clone (nl=en); human translation recommended
vaccines.image.alt,Afbeelding van {name},Image of {name},Image of {name},Image of {name},REVIEW,vaccines,"Untranslated or loanword clone (es=en, zh=en); human translation recommended"
vaccines.image.confidenceValue,{value}%,{value}%,{value}%,{value}%,REVIEW,vaccines,"Untranslated or loanword clone (nl=en, es=en, zh=en); human translation recommended"
vaccines.image.delete,Afbeelding verwijderen,Delete image,Delete image,Delete image,REVIEW,vaccines,"Untranslated or loanword clone (es=en, zh=en); human translation recommended"
vaccines.image.delete.success,Afbeelding verwijderd.,Image deleted.,Image deleted.,Image deleted.,REVIEW,vaccines,"Untranslated or loanword clone (es=en, zh=en); human translation recommended"
vaccines.image.deleteConfirmMessage,Dit verwijdert de afbeelding uit de catalogus. U kunt later een nieuwe uploaden.,This removes the image from the catalogue. You can upload a new one later.,This removes the image from the catalogue. You can upload a new one later.,This removes the image from the catalogue. You can upload a new one later.,REVIEW,vaccines,"Untranslated or loanword clone (es=en, zh=en); human translation recommended"
vaccines.image.deleteConfirmTitle,Vaccinatie-afbeelding verwijderen?,Delete vaccine image?,Delete vaccine image?,Delete vaccine image?,REVIEW,vaccines,"Untranslated or loanword clone (es=en, zh=en); human translation recommended"
vaccines.image.explanation.accepted,Azure vond sterke aanwijzingen dat dit een afbeelding van een vaccin of farmaceutisch product is.,Azure found strong evidence that this is a vaccine or pharmaceutical product image.,Azure found strong evidence that this is a vaccine or pharmaceutical product image.,Azure found strong evidence that this is a vaccine or pharmaceutical product image.,REVIEW,vaccines,"Untranslated or loanword clone (es=en, zh=en); human translation recommended"
vaccines.image.explanation.analysisFailed,De afbeelding kon niet worden geanalyseerd. Een beheerder kan het opnieuw proberen of handmatig beoordelen.,The image could not be analysed. An administrator may retry or review it.,The image could not be analysed. An administrator may retry or review it.,The image could not be analysed. An administrator may retry or review it.,REVIEW,vaccines,"Untranslated or loanword clone (es=en, zh=en); human translation recommended"
vaccines.image.explanation.pendingAnalysis,De afbeelding wacht op analyse.,The image is waiting for analysis.,The image is waiting for analysis.,The image is waiting for analysis.,REVIEW,vaccines,"Untranslated or loanword clone (es=en, zh=en); human translation recommended"
vaccines.image.explanation.rejected,De afbeelding bevatte onvoldoende aanwijzingen voor een vaccin of farmaceutisch product.,The image did not contain sufficient vaccine or pharmaceutical evidence.,The image did not contain sufficient vaccine or pharmaceutical evidence.,The image did not contain sufficient vaccine or pharmaceutical evidence.,REVIEW,vaccines,"Untranslated or loanword clone (es=en, zh=en); human translation recommended"
vaccines.image.explanation.reviewRequired,"De afbeelding lijkt medisch relevant, maar het systeem kon niet met zekerheid bevestigen dat het een vaccin voorstelt.","The image appears medically relevant, but the system could not confidently confirm that it represents a vaccine.","The image appears medically relevant, but the system could not confidently confirm that it represents a vaccine.","The image appears medically relevant, but the system could not confidently confirm that it represents a vaccine.",REVIEW,vaccines,"Untranslated or loanword clone (es=en, zh=en); human translation recommended"
vaccines.image.loading,Vaccinatie-afbeelding laden,Loading vaccine image,Loading vaccine image,Loading vaccine image,REVIEW,vaccines,"Untranslated or loanword clone (es=en, zh=en); human translation recommended"
vaccines.image.none,Nog geen afbeelding geüpload.,No image uploaded yet.,No image uploaded yet.,No image uploaded yet.,REVIEW,vaccines,"Untranslated or loanword clone (es=en, zh=en); human translation recommended"
vaccines.image.override,Beslissing overschrijven,Override decision,Override decision,Override decision,REVIEW,vaccines,"Untranslated or loanword clone (es=en, zh=en); human translation recommended"
vaccines.image.override.accept,Afbeelding accepteren,Accept image,Accept image,Accept image,REVIEW,vaccines,"Untranslated or loanword clone (es=en, zh=en); human translation recommended"
vaccines.image.override.reject,Afbeelding afwijzen,Reject image,Reject image,Reject image,REVIEW,vaccines,"Untranslated or loanword clone (es=en, zh=en); human translation recommended"
vaccines.image.override.success,Overschrijving opgeslagen: {status},Override saved: {status},Override saved: {status},Override saved: {status},REVIEW,vaccines,"Untranslated or loanword clone (es=en, zh=en); human translation recommended"
vaccines.image.overrideConfirmMessage,Dit vervangt het geautomatiseerde validatieresultaat door uw beslissing.,This replaces the automated validation result with your decision.,This replaces the automated validation result with your decision.,This replaces the automated validation result with your decision.,REVIEW,vaccines,"Untranslated or loanword clone (es=en, zh=en); human translation recommended"
vaccines.image.overrideConfirmTitle,Overschrijving bevestigen?,Confirm override?,Confirm override?,Confirm override?,REVIEW,vaccines,"Untranslated or loanword clone (es=en, zh=en); human translation recommended"
vaccines.image.overrideDecision,Beslissing,Decision,Decision,Decision,REVIEW,vaccines,"Untranslated or loanword clone (es=en, zh=en); human translation recommended"
vaccines.image.overrideDecisionPlaceholder,Kies een beslissing,Choose a decision,Choose a decision,Choose a decision,REVIEW,vaccines,"Untranslated or loanword clone (es=en, zh=en); human translation recommended"
vaccines.image.overrideReason,Reden,Reason,Reason,Reason,REVIEW,vaccines,"Untranslated or loanword clone (es=en, zh=en); human translation recommended"
vaccines.image.overrideReasonCount,{count} / {max} tekens,{count} / {max} characters,{count} / {max} characters,{count} / {max} characters,REVIEW,vaccines,"Untranslated or loanword clone (es=en, zh=en); human translation recommended"
vaccines.image.overrideTitle,Afbeeldingsvalidatie overschrijven,Override image validation,Override image validation,Override image validation,REVIEW,vaccines,"Untranslated or loanword clone (es=en, zh=en); human translation recommended"
vaccines.image.placeholder,Geen vaccinatie-afbeelding beschikbaar,No vaccine image available,No vaccine image available,No vaccine image available,REVIEW,vaccines,"Untranslated or loanword clone (es=en, zh=en); human translation recommended"
vaccines.image.postCreateHint,Het vaccin is aangemaakt. U kunt nu een afbeelding uploaden of deze stap overslaan.,The vaccine was created. You can upload an image now or skip this step.,The vaccine was created. You can upload an image now or skip this step.,The vaccine was created. You can upload an image now or skip this step.,REVIEW,vaccines,"Untranslated or loanword clone (es=en, zh=en); human translation recommended"
vaccines.image.postCreateTitle,Vaccinatie-afbeelding toevoegen (optioneel),Add a vaccine image (optional),Add a vaccine image (optional),Add a vaccine image (optional),REVIEW,vaccines,"Untranslated or loanword clone (es=en, zh=en); human translation recommended"
vaccines.image.preview,Voorbeeld van afbeelding,Image preview,Image preview,Image preview,REVIEW,vaccines,"Untranslated or loanword clone (es=en, zh=en); human translation recommended"
vaccines.image.previewAlt,Voorbeeld van geselecteerde afbeelding,Selected image preview,Selected image preview,Selected image preview,REVIEW,vaccines,"Untranslated or loanword clone (es=en, zh=en); human translation recommended"
vaccines.image.replace,Afbeelding vervangen,Replace image,Replace image,Replace image,REVIEW,vaccines,"Untranslated or loanword clone (es=en, zh=en); human translation recommended"
vaccines.image.replaceHint,De huidige afbeelding blijft actief tot de nieuwe upload slaagt.,The current image stays active until the new upload succeeds.,The current image stays active until the new upload succeeds.,The current image stays active until the new upload succeeds.,REVIEW,vaccines,"Untranslated or loanword clone (es=en, zh=en); human translation recommended"
vaccines.image.reviewIndicator,Review,Review,Review,Review,REVIEW,vaccines,"Untranslated or loanword clone (nl=en, es=en, zh=en); human translation recommended"
vaccines.image.sectionTitle,Vaccinatie-afbeelding,Vaccine image,Vaccine image,Vaccine image,REVIEW,vaccines,"Untranslated or loanword clone (es=en, zh=en); human translation recommended"
vaccines.image.select,Afbeelding selecteren,Select image,Select image,Select image,REVIEW,vaccines,"Untranslated or loanword clone (es=en, zh=en); human translation recommended"
vaccines.image.skip,Nu overslaan,Skip for now,Skip for now,Skip for now,REVIEW,vaccines,"Untranslated or loanword clone (es=en, zh=en); human translation recommended"
vaccines.image.status.accepted,Geaccepteerd,Accepted,Accepted,Accepted,REVIEW,vaccines,"Untranslated or loanword clone (es=en, zh=en); human translation recommended"
vaccines.image.status.analysisFailed,Analyse mislukt,Analysis failed,Analysis failed,Analysis failed,REVIEW,vaccines,"Untranslated or loanword clone (es=en, zh=en); human translation recommended"
vaccines.image.status.pendingAnalysis,Analyse in behandeling,Pending analysis,Pending analysis,Pending analysis,REVIEW,vaccines,"Untranslated or loanword clone (es=en, zh=en); human translation recommended"
vaccines.image.status.rejected,Afgewezen,Rejected,Rejected,Rejected,REVIEW,vaccines,"Untranslated or loanword clone (es=en, zh=en); human translation recommended"
vaccines.image.status.reviewRequired,Handmatige review aanbevolen,Manual review recommended,Manual review recommended,Manual review recommended,REVIEW,vaccines,"Untranslated or loanword clone (es=en, zh=en); human translation recommended"
vaccines.image.statusLabel,Afbeeldingsstatus,Image status,Image status,Image status,REVIEW,vaccines,"Untranslated or loanword clone (es=en, zh=en); human translation recommended"
vaccines.image.submitUpload,Uploaden en analyseren,Upload and analyse,Upload and analyse,Upload and analyse,REVIEW,vaccines,"Untranslated or loanword clone (es=en, zh=en); human translation recommended"
vaccines.image.upload,Afbeelding uploaden,Upload image,Upload image,Upload image,REVIEW,vaccines,"Untranslated or loanword clone (es=en, zh=en); human translation recommended"
vaccines.image.upload.accepted,Afbeelding geaccepteerd,Image accepted,Image accepted,Image accepted,REVIEW,vaccines,"Untranslated or loanword clone (es=en, zh=en); human translation recommended"
vaccines.image.upload.analysing,Afbeelding uploaden en analyseren…,Uploading and analysing image…,Uploading and analysing image…,Uploading and analysing image…,REVIEW,vaccines,"Untranslated or loanword clone (es=en, zh=en); human translation recommended"
vaccines.image.upload.analysisFailed,Analyse mislukt,Analysis failed,Analysis failed,Analysis failed,REVIEW,vaccines,"Untranslated or loanword clone (es=en, zh=en); human translation recommended"
vaccines.image.upload.completed,Upload voltooid,Upload completed,Upload completed,Upload completed,REVIEW,vaccines,"Untranslated or loanword clone (es=en, zh=en); human translation recommended"
vaccines.image.upload.pendingAnalysis,Analyse in behandeling,Analysis pending,Analysis pending,Analysis pending,REVIEW,vaccines,"Untranslated or loanword clone (es=en, zh=en); human translation recommended"
vaccines.image.upload.rejected,Afbeelding afgewezen,Image rejected,Image rejected,Image rejected,REVIEW,vaccines,"Untranslated or loanword clone (es=en, zh=en); human translation recommended"
vaccines.image.upload.reviewRequired,Handmatige review aanbevolen,Manual review recommended,Manual review recommended,Manual review recommended,REVIEW,vaccines,"Untranslated or loanword clone (es=en, zh=en); human translation recommended"
vaccines.label,Vaccin,Vaccine,Vaccine,Vaccine,REVIEW,vaccines,"Untranslated or loanword clone (es=en, zh=en); human translation recommended"
vaccines.loadFailed,Catalogus laden mislukt,Failed to load catalogue,Failed to load catalogue,Failed to load catalogue,REVIEW,vaccines,"Untranslated or loanword clone (es=en, zh=en); human translation recommended"
vaccines.manufacturer,Fabrikant,Manufacturer,Manufacturer,Manufacturer,REVIEW,vaccines,"Untranslated or loanword clone (es=en, zh=en); human translation recommended"
vaccines.selectPlaceholder,Selecteer vaccin,Select vaccine,Select vaccine,Select vaccine,REVIEW,vaccines,"Untranslated or loanword clone (es=en, zh=en); human translation recommended"
vaccines.stock.manageHint,(beheer via Voorraad),(manage via Stock),(manage via Stock),(manage via Stock),REVIEW,vaccines,"Untranslated or loanword clone (es=en, zh=en); human translation recommended"
vaccines.stockWarningThreshold,Lage-voorraad drempel,Low-stock threshold,Low-stock threshold,Low-stock threshold,REVIEW,vaccines,"Untranslated or loanword clone (es=en, zh=en); human translation recommended"
vaccines.title,Vaccincatalogus,Vaccine catalogue,Vaccine catalogue,Vaccine catalogue,REVIEW,vaccines,"Untranslated or loanword clone (es=en, zh=en); human translation recommended"
validation.city.required,Gemeente is verplicht.,City is required.,City is required.,City is required.,REVIEW,validation,"Untranslated or loanword clone (es=en, zh=en); human translation recommended"
validation.countryCode.format,Landcode moet 2 letters zijn.,Country code must be 2 letters.,Country code must be 2 letters.,Country code must be 2 letters.,REVIEW,validation,"Untranslated or loanword clone (es=en, zh=en); human translation recommended"
validation.courier.required,Kies een bezorger.,Choose a courier.,Choose a courier.,Choose a courier.,REVIEW,validation,"Untranslated or loanword clone (es=en, zh=en); human translation recommended"
validation.displayName.required,Weergavenaam is verplicht.,Display name is required.,Display name is required.,Display name is required.,REVIEW,validation,"Untranslated or loanword clone (es=en, zh=en); human translation recommended"
validation.doseCap.max,Maximaal 10000.,Maximum 10000.,Maximum 10000.,Maximum 10000.,REVIEW,validation,"Untranslated or loanword clone (es=en, zh=en); human translation recommended"
validation.doseCap.min,Minimaal 1.,Minimum 1.,Minimum 1.,Minimum 1.,REVIEW,validation,"Untranslated or loanword clone (es=en, zh=en); human translation recommended"
validation.email.invalid,Voer een geldig e-mailadres in.,Enter a valid email address.,Enter a valid email address.,Enter a valid email address.,REVIEW,validation,"Untranslated or loanword clone (es=en, zh=en); human translation recommended"
validation.firstName.minLength,Voornaam moet minstens 2 tekens bevatten.,First name must be at least 2 characters.,First name must be at least 2 characters.,First name must be at least 2 characters.,REVIEW,validation,"Untranslated or loanword clone (es=en, zh=en); human translation recommended"
validation.houseNumber.required,Huisnummer is verplicht.,House number is required.,House number is required.,House number is required.,REVIEW,validation,"Untranslated or loanword clone (es=en, zh=en); human translation recommended"
validation.image.overrideDecision.required,Kies een overschrijvingsbeslissing.,Choose an override decision.,Choose an override decision.,Choose an override decision.,REVIEW,validation,"Untranslated or loanword clone (es=en, zh=en); human translation recommended"
validation.image.overrideReason.maxLength,Reden mag maximaal 500 tekens zijn.,Reason must be at most 500 characters.,Reason must be at most 500 characters.,Reason must be at most 500 characters.,REVIEW,validation,"Untranslated or loanword clone (es=en, zh=en); human translation recommended"
validation.image.overrideReason.required,Een reden is verplicht.,A reason is required.,A reason is required.,A reason is required.,REVIEW,validation,"Untranslated or loanword clone (es=en, zh=en); human translation recommended"
validation.image.required,Kies een afbeeldingsbestand.,Choose an image file.,Choose an image file.,Choose an image file.,REVIEW,validation,"Untranslated or loanword clone (es=en, zh=en); human translation recommended"
validation.image.tooLarge,Afbeelding mag maximaal 5 MB zijn.,Image must be 5 MB or smaller.,Image must be 5 MB or smaller.,Image must be 5 MB or smaller.,REVIEW,validation,"Untranslated or loanword clone (es=en, zh=en); human translation recommended"
validation.image.unsupportedType,"Alleen JPEG-, PNG- of WebP-afbeeldingen zijn toegestaan.","Only JPEG, PNG or WebP images are allowed.","Only JPEG, PNG or WebP images are allowed.","Only JPEG, PNG or WebP images are allowed.",REVIEW,validation,"Untranslated or loanword clone (es=en, zh=en); human translation recommended"
validation.integer,Moet een geheel getal zijn.,Must be a whole number.,Must be a whole number.,Must be a whole number.,REVIEW,validation,"Untranslated or loanword clone (es=en, zh=en); human translation recommended"
validation.lastName.minLength,Achternaam moet minstens 2 tekens bevatten.,Last name must be at least 2 characters.,Last name must be at least 2 characters.,Last name must be at least 2 characters.,REVIEW,validation,"Untranslated or loanword clone (es=en, zh=en); human translation recommended"
validation.manufacturer.required,Fabrikant is verplicht.,Manufacturer is required.,Manufacturer is required.,Manufacturer is required.,REVIEW,validation,"Untranslated or loanword clone (es=en, zh=en); human translation recommended"
validation.name.required,Naam is verplicht.,Name is required.,Name is required.,Name is required.,REVIEW,validation,"Untranslated or loanword clone (es=en, zh=en); human translation recommended"
validation.password.minLength,Wachtwoord moet minstens 8 tekens bevatten.,Password must be at least 8 characters.,Password must be at least 8 characters.,Password must be at least 8 characters.,REVIEW,validation,"Untranslated or loanword clone (es=en, zh=en); human translation recommended"
validation.percentage.max,Maximaal 100%.,Maximum 100%.,Maximum 100%.,Maximum 100%.,REVIEW,validation,"Untranslated or loanword clone (es=en, zh=en); human translation recommended"
validation.percentage.min,Minimaal 1%.,Minimum 1%.,Minimum 1%.,Minimum 1%.,REVIEW,validation,"Untranslated or loanword clone (es=en, zh=en); human translation recommended"
validation.pharmacyName.required,Apotheeknaam is verplicht.,Pharmacy name is required.,Pharmacy name is required.,Pharmacy name is required.,REVIEW,validation,"Untranslated or loanword clone (es=en, zh=en); human translation recommended"
validation.postalCode.belgium,Postcode moet 4 cijfers zijn (België).,Postal code must be 4 digits (Belgium).,Postal code must be 4 digits (Belgium).,Postal code must be 4 digits (Belgium).,REVIEW,validation,"Untranslated or loanword clone (es=en, zh=en); human translation recommended"
validation.quantity.exceedsDailyRemaining,De hoeveelheid mag het resterende daglimiet ({remaining}) niet overschrijden,Quantity cannot exceed the remaining daily limit ({remaining}),Quantity cannot exceed the remaining daily limit ({remaining}),Quantity cannot exceed the remaining daily limit ({remaining}),REVIEW,validation,"Untranslated or loanword clone (es=en, zh=en); human translation recommended"
validation.quantity.min,Aantal moet minstens 1 zijn.,Quantity must be at least 1.,Quantity must be at least 1.,Quantity must be at least 1.,REVIEW,validation,"Untranslated or loanword clone (es=en, zh=en); human translation recommended"
validation.quantity.nonZero,Aantal mag niet nul zijn.,Quantity cannot be zero.,Quantity cannot be zero.,Quantity cannot be zero.,REVIEW,validation,"Untranslated or loanword clone (es=en, zh=en); human translation recommended"
validation.reason.required,Reden is verplicht.,Reason is required.,Reason is required.,Reason is required.,REVIEW,validation,"Untranslated or loanword clone (es=en, zh=en); human translation recommended"
validation.role.required,Kies een accounttype.,Choose an account type.,Choose an account type.,Choose an account type.,REVIEW,validation,"Untranslated or loanword clone (es=en, zh=en); human translation recommended"
validation.stock.nonNegative,Voorraad mag niet negatief zijn.,Stock cannot be negative.,Stock cannot be negative.,Stock cannot be negative.,REVIEW,validation,"Untranslated or loanword clone (es=en, zh=en); human translation recommended"
validation.stock.unchanged,Voorraad is al gelijk aan deze waarde.,Stock is already equal to this value.,Stock is already equal to this value.,Stock is already equal to this value.,REVIEW,validation,"Untranslated or loanword clone (es=en, zh=en); human translation recommended"
validation.stockThreshold.nonNegative,Drempel kan niet negatief zijn.,Threshold cannot be negative.,Threshold cannot be negative.,Threshold cannot be negative.,REVIEW,validation,"Untranslated or loanword clone (es=en, zh=en); human translation recommended"
validation.street.required,Straat is verplicht.,Street is required.,Street is required.,Street is required.,REVIEW,validation,"Untranslated or loanword clone (es=en, zh=en); human translation recommended"
validation.time.format,Gebruik HH:mm formaat.,Use HH:mm format.,Use HH:mm format.,Use HH:mm format.,REVIEW,validation,"Untranslated or loanword clone (es=en, zh=en); human translation recommended"
validation.vaccine.required,Selecteer een vaccin.,Select a vaccine.,Select a vaccine.,Select a vaccine.,REVIEW,validation,"Untranslated or loanword clone (es=en, zh=en); human translation recommended"
account.realtime,Realtime,Realtime,Tiempo real,即时的,UNUSED,catalog,Not referenced by non-test t()/translate()/literal key harvest
account.settings,Instellingen,Settings,Ajustes,设置,UNUSED,catalog,Not referenced by non-test t()/translate()/literal key harvest
account.stats,Statistieken,Stats,Estadísticas,统计数据,UNUSED,catalog,Not referenced by non-test t()/translate()/literal key harvest
account.welcome,"Hallo daar, {user}","Hi, {user}","Hola, {user}",你好，{user},UNUSED,catalog,Not referenced by non-test t()/translate()/literal key harvest
admin.courierAnalytics.detail.title,Bezorgerdetail,Courier detail,Courier detail,Courier detail,UNUSED,catalog,Not referenced by non-test t()/translate()/literal key harvest
admin.notifications.empty.title,Geen meldingen,No notifications,No notifications,No notifications,UNUSED,catalog,Not referenced by non-test t()/translate()/literal key harvest
admin.notifications.loadFailed,Meldingen laden mislukt,Failed to load notifications,Failed to load notifications,Failed to load notifications,UNUSED,catalog,Not referenced by non-test t()/translate()/literal key harvest
admin.notifications.markRead,Markeer als gelezen,Mark as read,Mark as read,Mark as read,UNUSED,catalog,Not referenced by non-test t()/translate()/literal key harvest
admin.notifications.title,Meldingen,Notifications,Notifications,Notifications,UNUSED,catalog,Not referenced by non-test t()/translate()/literal key harvest
app.shortName,Vaccin,Vaccin,Vaccin,Vaccin,UNUSED,catalog,Not referenced by non-test t()/translate()/literal key harvest
arrival.arrived,Aangekomen,Arrived,Llegada registrada,已到达,UNUSED,catalog,Not referenced by non-test t()/translate()/literal key harvest
arrival.routeChangedOffline,Route is gewijzigd terwijl je offline was,Route changed while offline,La ruta cambió mientras estabas sin conexión,离线期间路线已更改,UNUSED,catalog,Not referenced by non-test t()/translate()/literal key harvest
arrival.stopAlreadyDelivered,Stop is al afgeleverd,Stop already delivered,La parada ya fue entregada,该站点已送达,UNUSED,catalog,Not referenced by non-test t()/translate()/literal key harvest
common.optional,Optioneel,Optional,Optional,Optional,UNUSED,catalog,Not referenced by non-test t()/translate()/literal key harvest
common.refresh,Vernieuwen,Refresh,Refresh,Refresh,UNUSED,catalog,Not referenced by non-test t()/translate()/literal key harvest
deliveryManifest.download,Manifest downloaden,Download manifest,Descargar manifiesto,下载清单,UNUSED,catalog,Not referenced by non-test t()/translate()/literal key harvest
deliveryManifest.routeTitle,Routemanifest,Route manifest,Manifiesto de ruta,路线清单,UNUSED,catalog,Not referenced by non-test t()/translate()/literal key harvest
deliveryManifest.stopTitle,Stopmanifest,Stop manifest,Manifiesto de parada,站点清单,UNUSED,catalog,Not referenced by non-test t()/translate()/literal key harvest
errors.order.dailyLimitExceeded,Het dagmaximum van {limit} dosissen per vaccin is overschreden.,The daily maximum of {limit} doses per vaccine has been exceeded.,The daily maximum of {limit} doses per vaccine has been exceeded.,The daily maximum of {limit} doses per vaccine has been exceeded.,UNUSED,catalog,Not referenced by non-test t()/translate()/literal key harvest
label.email.short,E-mail,Email,Correo electrónico,电子邮件,UNUSED,catalog,Not referenced by non-test t()/translate()/literal key harvest
label.forgot.login.details,Inloggegevens vergeten?,Forgot login details?,¿Olvidaste tus datos de acceso?,忘记登录信息？,UNUSED,catalog,Not referenced by non-test t()/translate()/literal key harvest
label.has.account,Heb je al een account?,Already have an account?,¿Ya tienes una cuenta?,已有账号？,UNUSED,catalog,Not referenced by non-test t()/translate()/literal key harvest
label.login,Login,Login,Login,Login,UNUSED,catalog,Not referenced by non-test t()/translate()/literal key harvest
label.password.remembered,"Wacht, ik weet mijn wachtwoord nog.","Wait, I remember my password","Espera, recuerdo mi contraseña.",等等，我记得我的密码,UNUSED,catalog,Not referenced by non-test t()/translate()/literal key harvest
label.picture,Afbeelding,Picture,Imagen,图片,UNUSED,catalog,Not referenced by non-test t()/translate()/literal key harvest
label.register,Register,Register,Registro,登记,UNUSED,catalog,Not referenced by non-test t()/translate()/literal key harvest
label.required,Vereist,Required,Requerido,必需的,UNUSED,catalog,Not referenced by non-test t()/translate()/literal key harvest
label.save.profile,Profiel opslaan,Save profile,Guardar perfil,保存个人资料,UNUSED,catalog,Not referenced by non-test t()/translate()/literal key harvest
navigation.home,Home,Home,Hogar,家,UNUSED,catalog,Not referenced by non-test t()/translate()/literal key harvest
navigation.reservations,Reserveringen,Reservations,Reservas,预订,UNUSED,catalog,Not referenced by non-test t()/translate()/literal key harvest
notifications.admin.lowStock.body,{vaccineName} heeft nog {quantityRemaining} dosissen (waarschuwing bij {stockThreshold}).,{vaccineName} has {quantityRemaining} doses left (warning at {stockThreshold}).,{vaccineName} tiene {quantityRemaining} dosis restantes (aviso en {stockThreshold}).,{vaccineName} 还剩 {quantityRemaining} 剂（预警阈值：{stockThreshold}）。,UNUSED,catalog,Not referenced by non-test t()/translate()/literal key harvest
notifications.admin.lowStock.title,Lage voorraad,Low stock,Stock bajo,库存不足,UNUSED,catalog,Not referenced by non-test t()/translate()/literal key harvest
notifications.admin.newOrder.body,{pharmacyName} heeft een bestelling geplaatst voor levering op {routeDate} ({orderCount} producten).,{pharmacyName} placed an order for delivery on {routeDate} ({orderCount} products).,{pharmacyName} ha realizado un pedido para entrega el {routeDate} ({orderCount} productos).,{pharmacyName} 已下单，计划于 {routeDate} 配送（{orderCount} 种产品）。,UNUSED,catalog,Not referenced by non-test t()/translate()/literal key harvest
notifications.admin.newOrder.title,Nieuwe bestelling ontvangen,New order received,Nuevo pedido recibido,收到新订单,UNUSED,catalog,Not referenced by non-test t()/translate()/literal key harvest
notifications.apotheker.deliveryConfirmed.body,Levering aan {pharmacyName} op {routeDate} is bevestigd ({orderCount} bestellingen).,Delivery to {pharmacyName} on {routeDate} was confirmed ({orderCount} orders).,La entrega a {pharmacyName} el {routeDate} se ha confirmado ({orderCount} pedidos).,发往 {pharmacyName}、日期为 {routeDate} 的配送已确认（{orderCount} 个订单）。,UNUSED,catalog,Not referenced by non-test t()/translate()/literal key harvest
notifications.apotheker.deliveryConfirmed.title,Levering bevestigd,Delivery confirmed,Entrega confirmada,配送已确认,UNUSED,catalog,Not referenced by non-test t()/translate()/literal key harvest
notifications.apotheker.nextStop.title,Jij bent de volgende op de route,You're next on the delivery route,Eres el siguiente en la ruta,下一站是您的药房,UNUSED,catalog,Not referenced by non-test t()/translate()/literal key harvest
notifications.apotheker.orderCancelled.body,Je bestelling voor levering op {routeDate} is geannuleerd.,Your order for delivery on {routeDate} has been cancelled.,Tu pedido para entrega el {routeDate} ha sido cancelado.,您计划于 {routeDate} 配送的订单已取消。,UNUSED,catalog,Not referenced by non-test t()/translate()/literal key harvest
notifications.apotheker.orderCancelled.title,Bestelling geannuleerd,Order cancelled,Pedido cancelado,订单已取消,UNUSED,catalog,Not referenced by non-test t()/translate()/literal key harvest
notifications.apotheker.orderCancelledByAdmin.body,Je bestelling voor levering op {routeDate} is geannuleerd door een beheerder.,Your order for delivery on {routeDate} was cancelled by an administrator.,Tu pedido para entrega el {routeDate} fue cancelado por un administrador.,您计划于 {routeDate} 配送的订单已被管理员取消。,UNUSED,catalog,Not referenced by non-test t()/translate()/literal key harvest
notifications.apotheker.orderConfirmation.body,Je bestelling van {doseCount} dosissen wordt geleverd op {routeDate}.,Your order for {doseCount} doses will be delivered on {routeDate}.,Tu pedido de {doseCount} dosis se entregará el {routeDate}.,您订购的 {doseCount} 剂将于 {routeDate} 送达。,UNUSED,catalog,Not referenced by non-test t()/translate()/literal key harvest
notifications.apotheker.orderConfirmation.title,Bestelling geplaatst,Order placed,Pedido realizado,订单已提交,UNUSED,catalog,Not referenced by non-test t()/translate()/literal key harvest
notifications.apotheker.orderDelivered.body,Je bestelling is geleverd op {routeDate}.,Your order was delivered on {routeDate}.,Tu pedido se entregó el {routeDate}.,您的订单已于 {routeDate} 送达。,UNUSED,catalog,Not referenced by non-test t()/translate()/literal key harvest
notifications.apotheker.orderDelivered.title,Bestelling geleverd,Order delivered,Pedido entregado,订单已送达,UNUSED,catalog,Not referenced by non-test t()/translate()/literal key harvest
notifications.apotheker.routeStarted.body,Je levering voor {pharmacyName} op {routeDate} is onderweg.,Your delivery for {pharmacyName} on {routeDate} is on the way.,Tu entrega para {pharmacyName} el {routeDate} está en camino.,发往 {pharmacyName}、日期为 {routeDate} 的配送已上路。,UNUSED,catalog,Not referenced by non-test t()/translate()/literal key harvest
notifications.apotheker.routeStarted.title,De bezorger is vertrokken,Courier started your delivery,El repartidor ha iniciado la entrega,配送员已开始配送,UNUSED,catalog,Not referenced by non-test t()/translate()/literal key harvest
notifications.apotheker.weekLimitWarning.body,Je hebt {warningPercentage}% van je weekmaximum ({weeklyDoseCap} dosissen) bereikt.,You have reached {warningPercentage}% of your weekly maximum ({weeklyDoseCap} doses).,Has alcanzado el {warningPercentage}% de tu máximo semanal ({weeklyDoseCap} dosis).,您已达到每周上限（{weeklyDoseCap} 剂）的 {warningPercentage}%。,UNUSED,catalog,Not referenced by non-test t()/translate()/literal key harvest
notifications.apotheker.weekLimitWarning.title,Weeklimietwaarschuwing,Weekly limit warning,Aviso de límite semanal,每周限额提醒,UNUSED,catalog,Not referenced by non-test t()/translate()/literal key harvest
notifications.bezorger.routeAssigned.body,Route voor {stopCount} apotheken is gepland op {routeDate}.,Route for {stopCount} pharmacies is scheduled for {routeDate}.,Ruta para {stopCount} farmacias programada para el {routeDate}.,已为您安排 {routeDate} 的路线，共 {stopCount} 家药房。,UNUSED,catalog,Not referenced by non-test t()/translate()/literal key harvest
notifications.bezorger.routeAssigned.title,Er is een nieuwe route aan je toegewezen,A new route has been assigned to you,Se te ha asignado una nueva ruta,已为您分配新路线,UNUSED,catalog,Not referenced by non-test t()/translate()/literal key harvest
notifications.bezorger.routeDateReminder.body,Je hebt vandaag een route ({routeDate}) met {stopCount} stops.,You have a route today ({routeDate}) with {stopCount} stops.,Hoy tienes una ruta ({routeDate}) con {stopCount} paradas.,您今天有一条路线（{routeDate}），共 {stopCount} 站。,UNUSED,catalog,Not referenced by non-test t()/translate()/literal key harvest
notifications.bezorger.routeDateReminder.title,Routeherinnering,Route reminder,Recordatorio de ruta,路线提醒,UNUSED,catalog,Not referenced by non-test t()/translate()/literal key harvest
offline.route.backOnline,Weer online,Back online,Back online,Back online,UNUSED,catalog,Not referenced by non-test t()/translate()/literal key harvest
routes.generatedAt,Gegenereerd {date},Generated {date},Generated {date},Generated {date},UNUSED,catalog,Not referenced by non-test t()/translate()/literal key harvest
routes.meta.statusGenerated,Status: {status} · Gegenereerd {date},Status: {status} · Generated {date},Status: {status} · Generated {date},Status: {status} · Generated {date},UNUSED,catalog,Not referenced by non-test t()/translate()/literal key harvest
routeVoiceReports.title,Routerapporten,Route reports,Route reports,Route reports,UNUSED,catalog,Not referenced by non-test t()/translate()/literal key harvest
routeVoiceReports.transcription.confidence,Betrouwbaarheid,Confidence,Confidence,Confidence,UNUSED,catalog,Not referenced by non-test t()/translate()/literal key harvest
status.notification.new,Nieuw,New,New,New,UNUSED,catalog,Not referenced by non-test t()/translate()/literal key harvest
status.stock.insufficient,Onvoldoende voorraad,Insufficient stock,Insufficient stock,Insufficient stock,UNUSED,catalog,Not referenced by non-test t()/translate()/literal key harvest
status.stock.low,Lage voorraad,Low stock,Low stock,Low stock,UNUSED,catalog,Not referenced by non-test t()/translate()/literal key harvest
status.stock.ok,Voorraad OK,Stock OK,Stock OK,Stock OK,UNUSED,catalog,Not referenced by non-test t()/translate()/literal key harvest
title.dashboard,Dashboard,Dashboard,Panel,仪表板,UNUSED,catalog,Not referenced by non-test t()/translate()/literal key harvest
title.information,Informatie,Information,Información,信息,UNUSED,catalog,Not referenced by non-test t()/translate()/literal key harvest
title.login,Login,Login,Acceso,登录,UNUSED,catalog,Not referenced by non-test t()/translate()/literal key harvest
title.logout,Uitloggen,Log out,Finalizar la sesión,退出登录,UNUSED,catalog,Not referenced by non-test t()/translate()/literal key harvest
title.notloggedin,Niet ingelogd,Not logged in,No has iniciado sesión,未登录,UNUSED,catalog,Not referenced by non-test t()/translate()/literal key harvest
title.profile.settings,Profielinstellingen,Profile settings,Configuración del perfil,配置文件设置,UNUSED,catalog,Not referenced by non-test t()/translate()/literal key harvest
title.register,Register,Register,Registro,登记,UNUSED,catalog,Not referenced by non-test t()/translate()/literal key harvest
validation.required,Dit veld is verplicht.,This field is required.,This field is required.,This field is required.,UNUSED,catalog,Not referenced by non-test t()/translate()/literal key harvest
